Scenario,Agents,CBS Success,CBS Runtime,CBS Total Cost,CBS Nodes,JPSCBS Success,JPSCBS Runtime,JPSCBS Total Cost,JPSCBS Nodes
room-64-64-16-even-1.scen,1,Yes,0.02,91.46,1,Yes,0.01,91.46,1
room-64-64-16-even-1.scen,2,Yes,0.05,203.54,1,Yes,0.02,203.54,1
room-64-64-16-even-1.scen,3,Yes,14.57,271.48,2,Yes,0.05,272.31,4
room-64-64-16-even-1.scen,4,No,33.04,0.00,3,Yes,0.07,421.02,4
room-64-64-16-even-1.scen,5,No,0,0,0,Yes,0.09,431.61,10
room-64-64-16-even-1.scen,6,No,0,0,0,Yes,0.09,452.58,10
room-64-64-16-even-1.scen,7,No,0,0,0,Yes,0.10,529.93,10
room-64-64-16-even-1.scen,8,No,0,0,0,Yes,0.15,559.66,16
room-64-64-16-even-1.scen,9,No,0,0,0,Yes,0.18,657.67,17
room-64-64-16-even-1.scen,10,No,0,0,0,Yes,0.24,810.28,17
room-64-64-16-even-1.scen,11,No,0,0,0,Yes,0.30,964.13,17
room-64-64-16-even-1.scen,12,No,0,0,0,Yes,0.32,1028.52,17
room-64-64-16-even-1.scen,13,No,0,0,0,Yes,0.33,1084.05,17
room-64-64-16-even-1.scen,14,No,0,0,0,Yes,18.54,1238.83,113
room-64-64-16-even-1.scen,15,No,0,0,0,Yes,18.80,1306.18,113
room-64-64-16-even-1.scen,16,No,0,0,0,Yes,18.87,1327.67,113
room-64-64-16-even-1.scen,17,No,0,0,0,Yes,18.87,1350.50,113
room-64-64-16-even-1.scen,18,No,0,0,0,Yes,18.88,1367.74,113
room-64-64-16-even-1.scen,19,No,0,0,0,No,30.07,0.00,146
room-64-64-16-even-2.scen,1,Yes,0.02,97.91,1,Yes,0.02,97.91,1
room-64-64-16-even-2.scen,2,Yes,0.03,181.37,1,Yes,0.02,181.37,1
room-64-64-16-even-2.scen,3,Yes,0.05,303.59,1,Yes,0.03,303.59,1
room-64-64-16-even-2.scen,4,Yes,22.03,450.48,3,Yes,0.05,450.48,1
room-64-64-16-even-2.scen,5,No,34.12,0.00,3,Yes,0.05,502.35,1
room-64-64-16-even-2.scen,6,No,0,0,0,Yes,0.08,652.06,1
room-64-64-16-even-2.scen,7,No,0,0,0,Yes,0.08,695.27,1
room-64-64-16-even-2.scen,8,No,0,0,0,Yes,0.10,788.04,1
room-64-64-16-even-2.scen,9,No,0,0,0,Yes,0.11,886.64,1
room-64-64-16-even-2.scen,10,No,0,0,0,Yes,0.13,1041.86,1
room-64-64-16-even-2.scen,11,No,0,0,0,Yes,0.18,1197.40,1
room-64-64-16-even-2.scen,12,No,0,0,0,Yes,0.21,1297.69,2
room-64-64-16-even-2.scen,13,No,0,0,0,Yes,0.21,1319.48,2
room-64-64-16-even-2.scen,14,No,0,0,0,Yes,0.30,1414.43,8
room-64-64-16-even-2.scen,15,No,0,0,0,Yes,0.30,1432.74,8
room-64-64-16-even-2.scen,16,No,0,0,0,Yes,0.31,1443.40,8
room-64-64-16-even-2.scen,17,No,0,0,0,Yes,0.32,1540.24,8
room-64-64-16-even-2.scen,18,No,0,0,0,Yes,0.84,1653.98,29
room-64-64-16-even-2.scen,19,No,0,0,0,No,30.03,0.00,1052
room-64-64-16-even-3.scen,1,Yes,0.00,29.66,1,Yes,0.00,29.66,1
room-64-64-16-even-3.scen,2,Yes,0.00,37.49,1,Yes,0.00,37.49,1
room-64-64-16-even-3.scen,3,Yes,0.02,185.10,1,Yes,0.03,185.10,1
room-64-64-16-even-3.scen,4,Yes,0.02,202.58,1,Yes,0.03,202.58,1
room-64-64-16-even-3.scen,5,Yes,0.02,209.24,1,Yes,0.03,209.24,1
room-64-64-16-even-3.scen,6,Yes,26.07,357.22,2,Yes,0.04,357.22,1
room-64-64-16-even-3.scen,7,Yes,25.94,425.72,2,Yes,0.05,425.72,1
room-64-64-16-even-3.scen,8,No,51.85,0.00,2,Yes,0.06,536.39,2
room-64-64-16-even-3.scen,9,No,0,0,0,Yes,0.07,615.84,3
room-64-64-16-even-3.scen,10,No,0,0,0,Yes,0.07,666.37,3
room-64-64-16-even-3.scen,11,No,0,0,0,Yes,0.07,692.44,3
room-64-64-16-even-3.scen,12,No,0,0,0,Yes,0.07,709.68,3
room-64-64-16-even-3.scen,13,No,0,0,0,Yes,0.08,793.11,3
room-64-64-16-even-3.scen,14,No,0,0,0,Yes,0.08,861.09,3
room-64-64-16-even-3.scen,15,No,0,0,0,Yes,0.08,885.65,3
room-64-64-16-even-3.scen,16,No,0,0,0,Yes,0.09,909.13,3
room-64-64-16-even-3.scen,17,No,0,0,0,Yes,0.09,916.13,3
room-64-64-16-even-3.scen,18,No,0,0,0,Yes,0.09,975.73,3
room-64-64-16-even-3.scen,19,No,0,0,0,Yes,0.14,1101.71,5
room-64-64-16-even-3.scen,20,No,0,0,0,Yes,0.18,1163.90,6
room-64-64-16-even-3.scen,21,No,0,0,0,Yes,0.24,1250.50,9
room-64-64-16-even-3.scen,22,No,0,0,0,Yes,0.50,1325.02,23
room-64-64-16-even-3.scen,23,No,0,0,0,Yes,0.59,1381.89,27
room-64-64-16-even-3.scen,24,No,0,0,0,Yes,0.68,1499.22,29
room-64-64-16-even-3.scen,25,No,0,0,0,Yes,0.77,1583.09,32
room-64-64-16-even-3.scen,26,No,0,0,0,Yes,5.57,1676.20,200
room-64-64-16-even-3.scen,27,No,0,0,0,Yes,5.62,1684.44,200
room-64-64-16-even-3.scen,28,No,0,0,0,Yes,7.56,1827.67,229
room-64-64-16-even-3.scen,29,No,0,0,0,Yes,8.04,1883.34,232
room-64-64-16-even-3.scen,30,No,0,0,0,Yes,6.60,2013.98,174
room-64-64-16-even-3.scen,31,No,0,0,0,Yes,11.96,2058.85,311
room-64-64-16-even-3.scen,32,No,0,0,0,Yes,13.36,2202.66,311
room-64-64-16-even-3.scen,33,No,0,0,0,Yes,13.55,2219.97,311
room-64-64-16-even-3.scen,34,No,0,0,0,Yes,14.97,2354.79,311
room-64-64-16-even-3.scen,35,No,0,0,0,No,30.05,0.00,881
room-64-64-16-even-4.scen,1,Yes,0.00,13.24,1,Yes,0.00,13.24,1
room-64-64-16-even-4.scen,2,Yes,0.00,19.49,1,Yes,0.00,19.49,1
room-64-64-16-even-4.scen,3,Yes,0.02,105.18,1,Yes,0.01,105.18,1
room-64-64-16-even-4.scen,4,Yes,0.04,209.17,1,Yes,0.02,209.17,1
room-64-64-16-even-4.scen,5,Yes,4.94,365.36,2,Yes,0.05,365.36,1
room-64-64-16-even-4.scen,6,Yes,11.14,441.48,3,Yes,0.05,441.48,1
room-64-64-16-even-4.scen,7,Yes,12.14,517.42,4,Yes,0.06,517.42,1
room-64-64-16-even-4.scen,8,Yes,12.08,555.80,4,Yes,0.06,555.80,1
room-64-64-16-even-4.scen,9,No,46.08,0.00,4,Yes,0.07,628.57,1
room-64-64-16-even-4.scen,10,No,0,0,0,Yes,0.08,750.83,1
room-64-64-16-even-4.scen,11,No,0,0,0,Yes,0.12,899.54,1
room-64-64-16-even-4.scen,12,No,0,0,0,Yes,0.14,1048.00,1
room-64-64-16-even-4.scen,13,No,0,0,0,Yes,0.16,1141.84,1
room-64-64-16-even-4.scen,14,No,0,0,0,Yes,0.17,1238.76,1
room-64-64-16-even-4.scen,15,No,0,0,0,Yes,0.17,1328.01,1
room-64-64-16-even-4.scen,16,No,0,0,0,Yes,0.18,1398.88,1
room-64-64-16-even-4.scen,17,No,0,0,0,Yes,0.18,1443.02,1
room-64-64-16-even-4.scen,18,No,0,0,0,Yes,0.23,1600.81,2
room-64-64-16-even-4.scen,19,No,0,0,0,Yes,0.28,1739.20,4
room-64-64-16-even-4.scen,20,No,0,0,0,Yes,0.42,1874.94,4
room-64-64-16-even-4.scen,21,No,0,0,0,Yes,0.42,1922.06,4
room-64-64-16-even-4.scen,22,No,0,0,0,Yes,1.08,2082.77,10
room-64-64-16-even-4.scen,23,No,0,0,0,Yes,1.09,2099.18,10
room-64-64-16-even-4.scen,24,No,0,0,0,Yes,21.80,2176.78,89
room-64-64-16-even-4.scen,25,No,0,0,0,Yes,21.76,2191.19,89
room-64-64-16-even-4.scen,26,No,0,0,0,No,30.03,0.00,158
room-64-64-16-even-5.scen,1,Yes,0.01,64.60,1,Yes,0.01,64.60,1
room-64-64-16-even-5.scen,2,Yes,0.01,98.64,1,Yes,0.00,98.64,1
room-64-64-16-even-5.scen,3,Yes,0.01,118.20,1,Yes,0.00,118.20,1
room-64-64-16-even-5.scen,4,Yes,0.01,132.02,1,Yes,0.00,132.02,1
room-64-64-16-even-5.scen,5,Yes,0.02,199.97,1,Yes,0.01,199.97,1
room-64-64-16-even-5.scen,6,Yes,0.04,356.40,1,Yes,0.04,356.40,1
room-64-64-16-even-5.scen,7,Yes,0.04,373.48,1,Yes,0.04,373.48,1
room-64-64-16-even-5.scen,8,No,30.09,0.00,1,Yes,0.05,529.94,1
room-64-64-16-even-5.scen,9,No,0,0,0,Yes,0.06,534.36,1
room-64-64-16-even-5.scen,10,No,0,0,0,Yes,0.07,647.68,2
room-64-64-16-even-5.scen,11,No,0,0,0,Yes,0.08,660.58,2
room-64-64-16-even-5.scen,12,No,0,0,0,Yes,0.08,688.14,2
room-64-64-16-even-5.scen,13,No,0,0,0,Yes,0.09,728.11,3
room-64-64-16-even-5.scen,14,No,0,0,0,Yes,0.26,847.51,4
room-64-64-16-even-5.scen,15,No,0,0,0,Yes,0.28,875.06,4
room-64-64-16-even-5.scen,16,No,0,0,0,Yes,0.29,911.96,5
room-64-64-16-even-5.scen,17,No,0,0,0,Yes,0.28,958.28,5
room-64-64-16-even-5.scen,18,No,0,0,0,Yes,0.31,1099.16,6
room-64-64-16-even-5.scen,19,No,0,0,0,Yes,0.38,1244.45,8
room-64-64-16-even-5.scen,20,No,0,0,0,Yes,0.45,1331.47,12
room-64-64-16-even-5.scen,21,No,0,0,0,Yes,2.05,1428.41,80
room-64-64-16-even-5.scen,22,No,0,0,0,No,30.03,0.00,1380
room-64-64-16-even-6.scen,1,Yes,0.02,132.15,1,Yes,0.04,132.15,1
room-64-64-16-even-6.scen,2,Yes,0.02,189.02,1,Yes,0.04,189.02,1
room-64-64-16-even-6.scen,3,Yes,0.03,232.34,1,Yes,0.04,232.34,1
room-64-64-16-even-6.scen,4,Yes,0.04,303.35,1,Yes,0.05,303.35,1
room-64-64-16-even-6.scen,5,Yes,0.50,359.05,2,Yes,0.05,359.05,1
room-64-64-16-even-6.scen,6,Yes,0.53,462.82,2,Yes,0.07,462.82,3
room-64-64-16-even-6.scen,7,Yes,0.53,481.37,2,Yes,0.07,481.37,3
room-64-64-16-even-6.scen,8,Yes,0.56,589.36,2,Yes,0.09,589.36,3
room-64-64-16-even-6.scen,9,Yes,22.72,714.75,4,Yes,0.10,714.75,3
room-64-64-16-even-6.scen,10,Yes,25.90,806.35,6,Yes,0.11,806.35,3
room-64-64-16-even-6.scen,11,Yes,25.78,874.78,6,Yes,0.12,874.78,3
room-64-64-16-even-6.scen,12,No,36.95,0.00,7,Yes,0.16,971.65,7
room-64-64-16-even-6.scen,13,No,0,0,0,Yes,0.23,1124.43,8
room-64-64-16-even-6.scen,14,No,0,0,0,Yes,0.23,1159.82,8
room-64-64-16-even-6.scen,15,No,0,0,0,Yes,0.37,1285.14,15
room-64-64-16-even-6.scen,16,No,0,0,0,Yes,0.57,1304.70,31
room-64-64-16-even-6.scen,17,No,0,0,0,Yes,0.57,1312.11,31
room-64-64-16-even-6.scen,18,No,0,0,0,Yes,1.64,1394.54,83
room-64-64-16-even-6.scen,19,No,0,0,0,Yes,1.69,1437.99,83
room-64-64-16-even-6.scen,20,No,0,0,0,Yes,1.86,1470.96,83
room-64-64-16-even-6.scen,21,No,0,0,0,Yes,1.87,1493.86,83
room-64-64-16-even-6.scen,22,No,0,0,0,Yes,1.91,1527.59,83
room-64-64-16-even-6.scen,23,No,0,0,0,Yes,5.84,1635.12,225
room-64-64-16-even-6.scen,24,No,0,0,0,Yes,12.77,1687.65,445
room-64-64-16-even-6.scen,25,No,0,0,0,Yes,14.93,1768.66,477
room-64-64-16-even-6.scen,26,No,0,0,0,Yes,27.34,1904.23,777
room-64-64-16-even-6.scen,27,No,0,0,0,Yes,29.76,1993.65,777
room-64-64-16-even-6.scen,28,No,0,0,0,No,30.05,0.00,776
room-64-64-16-even-7.scen,1,Yes,0.03,125.81,1,Yes,0.03,125.81,1
room-64-64-16-even-7.scen,2,Yes,0.03,204.34,1,Yes,0.03,204.34,1
room-64-64-16-even-7.scen,3,Yes,1.59,291.87,2,Yes,0.03,291.87,1
room-64-64-16-even-7.scen,4,Yes,1.63,292.87,2,Yes,0.03,292.87,1
room-64-64-16-even-7.scen,5,Yes,1.74,302.52,2,Yes,0.03,302.52,1
room-64-64-16-even-7.scen,6,Yes,17.74,395.09,4,No,0.04,0.00,1
room-64-64-16-even-7.scen,7,Yes,17.88,513.24,4,No,0,0,0
room-64-64-16-even-7.scen,8,No,44.29,0.00,6,No,0,0,0
room-64-64-16-even-8.scen,1,Yes,0.02,114.98,1,Yes,0.01,114.98,1
room-64-64-16-even-8.scen,2,Yes,0.02,129.81,1,Yes,0.01,129.81,1
room-64-64-16-even-8.scen,3,Yes,0.03,234.72,1,Yes,0.02,234.72,1
room-64-64-16-even-8.scen,4,Yes,0.03,238.97,1,Yes,0.02,238.97,1
room-64-64-16-even-8.scen,5,Yes,8.99,311.56,3,Yes,0.02,311.56,1
room-64-64-16-even-8.scen,6,Yes,8.98,352.02,3,Yes,0.02,352.02,1
room-64-64-16-even-8.scen,7,Yes,15.34,415.48,4,Yes,0.03,415.48,1
room-64-64-16-even-8.scen,8,Yes,15.50,563.01,5,Yes,0.04,563.01,1
room-64-64-16-even-8.scen,9,Yes,22.01,658.27,6,Yes,0.05,658.27,1
room-64-64-16-even-8.scen,10,Yes,21.97,700.72,6,Yes,0.05,700.72,1
room-64-64-16-even-8.scen,11,No,30.39,0.00,7,Yes,0.06,746.11,2
room-64-64-16-even-8.scen,12,No,0,0,0,Yes,0.06,784.01,2
room-64-64-16-even-8.scen,13,No,0,0,0,Yes,0.11,917.82,4
room-64-64-16-even-8.scen,14,No,0,0,0,Yes,0.14,1003.18,6
room-64-64-16-even-8.scen,15,No,0,0,0,Yes,0.14,1069.22,5
room-64-64-16-even-8.scen,16,No,0,0,0,Yes,0.15,1071.63,6
room-64-64-16-even-8.scen,17,No,0,0,0,Yes,0.16,1181.54,5
room-64-64-16-even-8.scen,18,No,0,0,0,Yes,0.18,1276.04,5
room-64-64-16-even-8.scen,19,No,0,0,0,Yes,0.26,1356.57,12
room-64-64-16-even-8.scen,20,No,0,0,0,Yes,0.27,1375.88,12
room-64-64-16-even-8.scen,21,No,0,0,0,Yes,0.29,1444.99,12
room-64-64-16-even-8.scen,22,No,0,0,0,Yes,0.30,1469.07,13
room-64-64-16-even-8.scen,23,No,0,0,0,Yes,0.33,1498.86,14
room-64-64-16-even-8.scen,24,No,0,0,0,Yes,0.53,1600.15,21
room-64-64-16-even-8.scen,25,No,0,0,0,Yes,0.53,1617.05,21
room-64-64-16-even-8.scen,26,No,0,0,0,Yes,0.60,1760.93,21
room-64-64-16-even-8.scen,27,No,0,0,0,No,30.04,0.00,1491
room-64-64-16-even-9.scen,1,Yes,0.00,38.31,1,Yes,0.00,38.31,1
room-64-64-16-even-9.scen,2,Yes,0.01,188.20,1,Yes,0.01,188.20,1
room-64-64-16-even-9.scen,3,Yes,0.02,278.97,1,Yes,0.02,278.97,1
room-64-64-16-even-9.scen,4,Yes,0.04,410.09,1,Yes,0.03,410.09,1
room-64-64-16-even-9.scen,5,Yes,0.05,443.23,2,Yes,0.03,443.23,1
room-64-64-16-even-9.scen,6,Yes,0.05,486.62,2,Yes,0.03,486.62,1
room-64-64-16-even-9.scen,7,Yes,29.47,566.97,7,Yes,0.05,566.97,2
room-64-64-16-even-9.scen,8,No,43.08,0.00,7,Yes,0.09,687.30,4
room-64-64-16-even-9.scen,9,No,0,0,0,Yes,0.09,713.27,4
room-64-64-16-even-9.scen,10,No,0,0,0,Yes,0.09,728.10,4
room-64-64-16-even-9.scen,11,No,0,0,0,Yes,0.10,860.74,4
room-64-64-16-even-9.scen,12,No,0,0,0,No,30.06,0.00,2654
room-64-64-16-even-10.scen,1,Yes,0.01,132.33,1,Yes,0.01,132.33,1
room-64-64-16-even-10.scen,2,Yes,0.01,161.05,1,Yes,0.01,161.05,1
room-64-64-16-even-10.scen,3,Yes,0.04,282.62,1,Yes,0.03,282.62,1
room-64-64-16-even-10.scen,4,Yes,7.20,372.98,2,Yes,0.04,372.98,1
room-64-64-16-even-10.scen,5,Yes,7.56,391.05,2,Yes,0.04,391.05,1
room-64-64-16-even-10.scen,6,Yes,7.31,548.24,2,Yes,0.06,548.24,1
room-64-64-16-even-10.scen,7,Yes,7.17,556.73,2,Yes,0.06,556.73,1
room-64-64-16-even-10.scen,8,Yes,19.56,665.78,3,Yes,0.07,665.78,1
room-64-64-16-even-10.scen,9,No,33.06,0.00,5,Yes,0.09,760.21,1
room-64-64-16-even-10.scen,10,No,0,0,0,Yes,0.11,906.61,1
room-64-64-16-even-10.scen,11,No,0,0,0,Yes,0.10,909.02,1
room-64-64-16-even-10.scen,12,No,0,0,0,Yes,0.11,962.82,1
room-64-64-16-even-10.scen,13,No,0,0,0,Yes,0.14,1116.02,1
room-64-64-16-even-10.scen,14,No,0,0,0,Yes,0.15,1185.30,1
room-64-64-16-even-10.scen,15,No,0,0,0,Yes,1.70,1308.70,6
room-64-64-16-even-10.scen,16,No,0,0,0,Yes,1.76,1438.51,6
room-64-64-16-even-10.scen,17,No,0,0,0,Yes,1.74,1465.55,7
room-64-64-16-even-10.scen,18,No,0,0,0,Yes,1.80,1540.08,7
room-64-64-16-even-10.scen,19,No,0,0,0,Yes,1.81,1678.37,8
room-64-64-16-even-10.scen,20,No,0,0,0,Yes,1.89,1772.21,8
room-64-64-16-even-10.scen,21,No,0,0,0,Yes,1.91,1911.34,8
room-64-64-16-even-10.scen,22,No,0,0,0,Yes,4.88,2007.18,85
room-64-64-16-even-10.scen,23,No,0,0,0,Yes,6.12,2115.26,95
room-64-64-16-even-10.scen,24,No,0,0,0,Yes,6.05,2120.09,95
room-64-64-16-even-10.scen,25,No,0,0,0,No,34.31,0.00,106
room-64-64-16-even-11.scen,1,Yes,0.02,157.78,1,Yes,0.02,157.78,1
room-64-64-16-even-11.scen,2,Yes,0.03,300.08,1,Yes,0.03,300.08,1
room-64-64-16-even-11.scen,3,Yes,0.05,428.23,1,Yes,0.04,428.23,1
room-64-64-16-even-11.scen,4,Yes,0.05,463.45,1,Yes,0.04,463.45,1
room-64-64-16-even-11.scen,5,Yes,0.08,599.74,1,Yes,0.06,599.74,1
room-64-64-16-even-11.scen,6,Yes,0.07,610.16,1,Yes,0.06,610.16,1
room-64-64-16-even-11.scen,7,Yes,28.22,751.55,5,Yes,0.08,751.55,1
room-64-64-16-even-11.scen,8,No,36.39,0.00,5,Yes,0.10,842.32,1
room-64-64-16-even-11.scen,9,No,0,0,0,Yes,0.10,865.88,1
room-64-64-16-even-11.scen,10,No,0,0,0,Yes,0.10,917.82,1
room-64-64-16-even-11.scen,11,No,0,0,0,Yes,0.11,1014.93,1
room-64-64-16-even-11.scen,12,No,0,0,0,Yes,0.14,1128.80,3
room-64-64-16-even-11.scen,13,No,0,0,0,Yes,0.17,1283.34,3
room-64-64-16-even-11.scen,14,No,0,0,0,Yes,0.22,1439.47,4
room-64-64-16-even-11.scen,15,No,0,0,0,Yes,0.26,1513.48,6
room-64-64-16-even-11.scen,16,No,0,0,0,Yes,0.29,1557.86,7
room-64-64-16-even-11.scen,17,No,0,0,0,Yes,0.30,1649.95,7
room-64-64-16-even-11.scen,18,No,0,0,0,Yes,0.38,1803.90,9
room-64-64-16-even-11.scen,19,No,0,0,0,Yes,1.25,1942.88,37
room-64-64-16-even-11.scen,20,No,0,0,0,Yes,1.28,1949.30,37
room-64-64-16-even-11.scen,21,No,0,0,0,Yes,1.29,1985.51,37
room-64-64-16-even-11.scen,22,No,0,0,0,Yes,1.44,2078.84,39
room-64-64-16-even-11.scen,23,No,0,0,0,Yes,3.04,2240.38,76
room-64-64-16-even-11.scen,24,No,0,0,0,Yes,3.11,2264.10,76
room-64-64-16-even-11.scen,25,No,0,0,0,Yes,3.25,2308.25,76
room-64-64-16-even-11.scen,26,No,0,0,0,Yes,6.94,2396.43,148
room-64-64-16-even-11.scen,27,No,0,0,0,Yes,20.87,2552.87,382
room-64-64-16-even-11.scen,28,No,0,0,0,Yes,22.67,2685.27,382
room-64-64-16-even-11.scen,29,No,0,0,0,Yes,23.75,2740.21,382
room-64-64-16-even-11.scen,30,No,0,0,0,Yes,25.45,2899.16,374
room-64-64-16-even-11.scen,31,No,0,0,0,Yes,27.10,3010.49,374
room-64-64-16-even-11.scen,32,No,0,0,0,No,30.07,0.00,387
room-64-64-16-even-12.scen,1,Yes,0.01,135.40,1,Yes,0.02,135.40,1
room-64-64-16-even-12.scen,2,Yes,0.02,192.75,1,Yes,0.02,192.75,1
room-64-64-16-even-12.scen,3,Yes,0.02,228.79,1,Yes,0.02,228.79,1
room-64-64-16-even-12.scen,4,Yes,7.31,337.08,2,Yes,0.03,337.08,1
room-64-64-16-even-12.scen,5,Yes,18.45,443.75,3,Yes,0.04,443.75,1
room-64-64-16-even-12.scen,6,No,33.54,0.00,4,Yes,0.05,603.87,2
room-64-64-16-even-12.scen,7,No,0,0,0,Yes,0.11,722.44,5
room-64-64-16-even-12.scen,8,No,0,0,0,Yes,0.10,731.85,5
room-64-64-16-even-12.scen,9,No,0,0,0,Yes,0.11,753.83,5
room-64-64-16-even-12.scen,10,No,0,0,0,Yes,0.11,797.28,5
room-64-64-16-even-12.scen,11,No,0,0,0,Yes,0.11,840.25,5
room-64-64-16-even-12.scen,12,No,0,0,0,Yes,0.14,941.68,6
room-64-64-16-even-12.scen,13,No,0,0,0,Yes,0.14,964.41,6
room-64-64-16-even-12.scen,14,No,0,0,0,Yes,0.16,1055.76,6
room-64-64-16-even-12.scen,15,No,0,0,0,Yes,0.17,1138.84,6
room-64-64-16-even-12.scen,16,No,0,0,0,Yes,0.20,1218.44,6
room-64-64-16-even-12.scen,17,No,0,0,0,Yes,0.22,1333.43,6
room-64-64-16-even-12.scen,18,No,0,0,0,Yes,0.22,1363.91,6
room-64-64-16-even-12.scen,19,No,0,0,0,Yes,0.24,1467.68,6
room-64-64-16-even-12.scen,20,No,0,0,0,Yes,0.79,1600.25,26
room-64-64-16-even-12.scen,21,No,0,0,0,Yes,0.81,1614.49,26
room-64-64-16-even-12.scen,22,No,0,0,0,No,30.04,0.00,737
room-64-64-16-even-13.scen,1,Yes,0.03,157.68,1,Yes,0.03,157.68,1
room-64-64-16-even-13.scen,2,No,30.06,0.00,1,Yes,0.04,266.94,1
room-64-64-16-even-13.scen,3,No,0,0,0,Yes,0.05,401.99,1
room-64-64-16-even-13.scen,4,No,0,0,0,Yes,0.05,532.63,1
room-64-64-16-even-13.scen,5,No,0,0,0,Yes,0.06,611.40,2
room-64-64-16-even-13.scen,6,No,0,0,0,Yes,0.06,640.71,2
room-64-64-16-even-13.scen,7,No,0,0,0,Yes,0.06,655.78,2
room-64-64-16-even-13.scen,8,No,0,0,0,Yes,0.06,663.20,2
room-64-64-16-even-13.scen,9,No,0,0,0,Yes,0.07,704.07,2
room-64-64-16-even-13.scen,10,No,0,0,0,Yes,0.09,810.91,3
room-64-64-16-even-13.scen,11,No,0,0,0,Yes,0.10,836.47,3
room-64-64-16-even-13.scen,12,No,0,0,0,Yes,0.10,904.06,3
room-64-64-16-even-13.scen,13,No,0,0,0,Yes,0.10,915.89,3
room-64-64-16-even-13.scen,14,No,0,0,0,Yes,0.10,933.21,3
room-64-64-16-even-13.scen,15,No,0,0,0,Yes,0.11,1077.09,3
room-64-64-16-even-13.scen,16,No,0,0,0,Yes,0.11,1116.54,3
room-64-64-16-even-13.scen,17,No,0,0,0,Yes,0.12,1188.90,3
room-64-64-16-even-13.scen,18,No,0,0,0,Yes,0.13,1249.35,3
room-64-64-16-even-13.scen,19,No,0,0,0,Yes,0.13,1329.05,3
room-64-64-16-even-13.scen,20,No,0,0,0,Yes,0.14,1336.47,3
room-64-64-16-even-13.scen,21,No,0,0,0,Yes,0.20,1487.18,4
room-64-64-16-even-13.scen,22,No,0,0,0,Yes,0.27,1634.23,5
room-64-64-16-even-13.scen,23,No,0,0,0,Yes,0.26,1666.13,5
room-64-64-16-even-13.scen,24,No,0,0,0,Yes,0.27,1715.24,5
room-64-64-16-even-13.scen,25,No,0,0,0,Yes,0.34,1806.43,8
room-64-64-16-even-13.scen,26,No,0,0,0,Yes,0.37,1833.81,10
room-64-64-16-even-13.scen,27,No,0,0,0,Yes,0.46,1912.00,14
room-64-64-16-even-13.scen,28,No,0,0,0,Yes,0.46,1951.38,14
room-64-64-16-even-13.scen,29,No,0,0,0,Yes,0.59,2009.81,18
room-64-64-16-even-13.scen,30,No,0,0,0,Yes,0.58,2016.05,18
room-64-64-16-even-13.scen,31,No,0,0,0,Yes,0.61,2034.12,19
room-64-64-16-even-13.scen,32,No,0,0,0,Yes,0.62,2071.68,19
room-64-64-16-even-13.scen,33,No,0,0,0,Yes,0.67,2159.45,19
room-64-64-16-even-13.scen,34,No,0,0,0,Yes,0.71,2258.39,19
room-64-64-16-even-13.scen,35,No,0,0,0,Yes,0.75,2359.99,19
room-64-64-16-even-13.scen,36,No,0,0,0,Yes,3.76,2508.94,81
room-64-64-16-even-13.scen,37,No,0,0,0,Yes,4.49,2616.85,85
room-64-64-16-even-13.scen,38,No,0,0,0,Yes,4.54,2631.16,85
room-64-64-16-even-13.scen,39,No,0,0,0,Yes,4.95,2682.45,93
room-64-64-16-even-13.scen,40,No,0,0,0,Yes,5.28,2717.25,97
room-64-64-16-even-13.scen,41,No,0,0,0,Yes,13.18,2800.53,227
room-64-64-16-even-13.scen,42,No,0,0,0,No,30.15,0.00,389
room-64-64-16-even-14.scen,1,Yes,0.00,56.56,1,Yes,0.00,56.56,1
room-64-64-16-even-14.scen,2,Yes,0.01,97.43,1,Yes,0.00,97.43,1
room-64-64-16-even-14.scen,3,Yes,0.02,180.37,1,Yes,0.01,180.37,1
room-64-64-16-even-14.scen,4,Yes,0.02,220.17,1,Yes,0.01,220.17,1
room-64-64-16-even-14.scen,5,Yes,4.51,344.49,3,Yes,0.04,344.49,3
room-64-64-16-even-14.scen,6,Yes,8.72,443.82,4,Yes,0.06,443.82,4
room-64-64-16-even-14.scen,7,Yes,8.62,480.96,4,Yes,0.06,480.96,4
room-64-64-16-even-14.scen,8,Yes,8.65,529.17,4,Yes,0.07,529.17,4
room-64-64-16-even-14.scen,9,No,32.93,0.00,6,Yes,0.09,670.64,4
room-64-64-16-even-14.scen,10,No,0,0,0,Yes,0.10,766.83,5
room-64-64-16-even-14.scen,11,No,0,0,0,Yes,0.12,892.91,5
room-64-64-16-even-14.scen,12,No,0,0,0,Yes,0.21,1043.03,8
room-64-64-16-even-14.scen,13,No,0,0,0,Yes,0.20,1070.00,8
room-64-64-16-even-14.scen,14,No,0,0,0,Yes,1.06,1196.64,49
room-64-64-16-even-14.scen,15,No,0,0,0,Yes,1.19,1303.87,50
room-64-64-16-even-14.scen,16,No,0,0,0,No,30.23,0.00,156
room-64-64-16-even-15.scen,1,Yes,0.02,71.80,1,Yes,0.01,71.80,1
room-64-64-16-even-15.scen,2,Yes,0.02,92.36,1,Yes,0.01,92.36,1
room-64-64-16-even-15.scen,3,Yes,0.02,111.43,1,Yes,0.01,111.43,1
room-64-64-16-even-15.scen,4,Yes,0.04,218.99,1,Yes,0.02,218.99,1
room-64-64-16-even-15.scen,5,Yes,0.06,300.25,1,Yes,0.03,300.25,1
room-64-64-16-even-15.scen,6,Yes,1.90,396.68,2,Yes,0.04,396.68,1
room-64-64-16-even-15.scen,7,Yes,26.83,487.69,4,Yes,0.05,487.69,1
room-64-64-16-even-15.scen,8,No,43.50,0.00,5,Yes,0.07,615.60,2
room-64-64-16-even-15.scen,9,No,0,0,0,Yes,0.07,658.50,2
room-64-64-16-even-15.scen,10,No,0,0,0,Yes,0.24,788.00,4
room-64-64-16-even-15.scen,11,No,0,0,0,Yes,0.24,803.48,4
room-64-64-16-even-15.scen,12,No,0,0,0,Yes,0.24,847.62,4
room-64-64-16-even-15.scen,13,No,0,0,0,Yes,0.27,858.28,4
room-64-64-16-even-15.scen,14,No,0,0,0,Yes,0.24,860.70,4
room-64-64-16-even-15.scen,15,No,0,0,0,Yes,0.25,917.98,4
room-64-64-16-even-15.scen,16,No,0,0,0,Yes,0.27,980.23,7
room-64-64-16-even-15.scen,17,No,0,0,0,Yes,0.29,1037.28,7
room-64-64-16-even-15.scen,18,No,0,0,0,Yes,0.31,1153.12,7
room-64-64-16-even-15.scen,19,No,0,0,0,Yes,0.46,1279.79,13
room-64-64-16-even-15.scen,20,No,0,0,0,Yes,5.80,1362.38,193
room-64-64-16-even-15.scen,21,No,0,0,0,Yes,13.25,1467.95,389
room-64-64-16-even-15.scen,22,No,0,0,0,Yes,16.28,1514.24,389
room-64-64-16-even-15.scen,23,No,0,0,0,Yes,13.62,1577.91,389
room-64-64-16-even-15.scen,24,No,0,0,0,Yes,13.90,1597.63,389
room-64-64-16-even-15.scen,25,No,0,0,0,No,30.02,0.00,450
room-64-64-16-even-16.scen,1,Yes,0.02,95.08,1,Yes,0.01,95.08,1
room-64-64-16-even-16.scen,2,Yes,0.04,216.82,1,Yes,0.02,216.82,1
room-64-64-16-even-16.scen,3,Yes,0.04,311.84,1,Yes,0.03,311.84,1
room-64-64-16-even-16.scen,4,Yes,0.04,313.84,1,Yes,0.03,313.84,1
room-64-64-16-even-16.scen,5,Yes,0.05,329.08,1,Yes,0.03,329.08,1
room-64-64-16-even-16.scen,6,Yes,11.11,467.48,4,Yes,0.06,467.48,2
room-64-64-16-even-16.scen,7,No,41.02,0.00,4,Yes,0.06,582.63,2
room-64-64-16-even-16.scen,8,No,0,0,0,Yes,0.12,701.61,4
room-64-64-16-even-16.scen,9,No,0,0,0,Yes,0.15,823.42,5
room-64-64-16-even-16.scen,10,No,0,0,0,Yes,0.21,954.92,6
room-64-64-16-even-16.scen,11,No,0,0,0,Yes,0.34,1067.69,8
room-64-64-16-even-16.scen,12,No,0,0,0,Yes,1.04,1119.90,26
room-64-64-16-even-16.scen,13,No,0,0,0,Yes,1.12,1266.13,27
room-64-64-16-even-16.scen,14,No,0,0,0,Yes,1.13,1283.20,27
room-64-64-16-even-16.scen,15,No,0,0,0,Yes,2.72,1389.70,43
room-64-64-16-even-16.scen,16,No,0,0,0,Yes,2.94,1509.85,50
room-64-64-16-even-16.scen,17,No,0,0,0,No,30.10,0.00,200
room-64-64-16-even-17.scen,1,Yes,0.00,2.41,1,Yes,0.00,2.41,1
room-64-64-16-even-17.scen,2,Yes,0.00,24.14,1,Yes,0.00,24.14,1
room-64-64-16-even-17.scen,3,Yes,0.03,145.54,1,Yes,0.02,145.54,1
room-64-64-16-even-17.scen,4,Yes,0.05,283.11,1,Yes,0.04,283.11,1
room-64-64-16-even-17.scen,5,No,45.76,0.00,3,Yes,0.06,401.61,2
room-64-64-16-even-17.scen,6,No,0,0,0,Yes,0.06,461.72,2
room-64-64-16-even-17.scen,7,No,0,0,0,Yes,0.07,566.24,2
room-64-64-16-even-17.scen,8,No,0,0,0,Yes,0.09,703.81,2
room-64-64-16-even-17.scen,9,No,0,0,0,Yes,0.10,765.51,3
room-64-64-16-even-17.scen,10,No,0,0,0,Yes,0.11,809.90,3
room-64-64-16-even-17.scen,11,No,0,0,0,Yes,0.19,887.32,9
room-64-64-16-even-17.scen,12,No,0,0,0,Yes,0.21,963.78,10
room-64-64-16-even-17.scen,13,No,0,0,0,Yes,0.37,1109.59,22
room-64-64-16-even-17.scen,14,No,0,0,0,Yes,4.58,1175.05,132
room-64-64-16-even-17.scen,15,No,0,0,0,Yes,4.76,1214.02,132
room-64-64-16-even-17.scen,16,No,0,0,0,Yes,5.00,1350.17,133
room-64-64-16-even-17.scen,17,No,0,0,0,Yes,5.22,1438.25,133
room-64-64-16-even-17.scen,18,No,0,0,0,Yes,5.32,1492.47,133
room-64-64-16-even-17.scen,19,No,0,0,0,No,30.04,0.00,829
room-64-64-16-even-18.scen,1,Yes,0.03,153.12,1,Yes,0.05,153.12,1
room-64-64-16-even-18.scen,2,Yes,0.03,216.14,1,Yes,0.05,216.14,1
room-64-64-16-even-18.scen,3,Yes,0.03,251.87,1,Yes,0.05,251.87,1
room-64-64-16-even-18.scen,4,Yes,0.03,264.11,1,Yes,0.05,264.11,1
room-64-64-16-even-18.scen,5,Yes,0.03,283.94,1,Yes,0.05,283.94,1
room-64-64-16-even-18.scen,6,No,30.06,0.00,1,Yes,0.06,331.81,4
room-64-64-16-even-18.scen,7,No,0,0,0,Yes,0.07,389.50,4
room-64-64-16-even-18.scen,8,No,0,0,0,Yes,0.08,474.96,5
room-64-64-16-even-18.scen,9,No,0,0,0,Yes,0.09,628.74,5
room-64-64-16-even-18.scen,10,No,0,0,0,Yes,0.09,647.06,5
room-64-64-16-even-18.scen,11,No,0,0,0,Yes,0.09,656.47,5
room-64-64-16-even-18.scen,12,No,0,0,0,Yes,0.11,753.17,6
room-64-64-16-even-18.scen,13,No,0,0,0,Yes,0.11,762.83,6
room-64-64-16-even-18.scen,14,No,0,0,0,Yes,0.16,858.67,7
room-64-64-16-even-18.scen,15,No,0,0,0,Yes,0.16,894.47,7
room-64-64-16-even-18.scen,16,No,0,0,0,Yes,0.16,980.31,7
room-64-64-16-even-18.scen,17,No,0,0,0,Yes,0.16,990.79,7
room-64-64-16-even-18.scen,18,No,0,0,0,Yes,0.16,1030.25,7
room-64-64-16-even-18.scen,19,No,0,0,0,Yes,0.21,1106.43,10
room-64-64-16-even-18.scen,20,No,0,0,0,No,30.03,0.00,2177
room-64-64-16-even-19.scen,1,Yes,0.02,99.33,1,Yes,0.02,99.33,1
room-64-64-16-even-19.scen,2,Yes,7.85,191.51,2,Yes,0.02,191.51,1
room-64-64-16-even-19.scen,3,Yes,7.97,306.25,2,Yes,0.03,306.25,1
room-64-64-16-even-19.scen,4,Yes,7.75,343.56,2,Yes,0.03,343.56,1
room-64-64-16-even-19.scen,5,Yes,7.83,434.72,2,Yes,0.04,434.72,1
room-64-64-16-even-19.scen,6,Yes,19.28,581.43,4,Yes,0.09,581.43,2
room-64-64-16-even-19.scen,7,Yes,19.28,646.81,4,Yes,0.12,647.64,5
room-64-64-16-even-19.scen,8,Yes,19.39,667.47,4,Yes,0.14,668.30,6
room-64-64-16-even-19.scen,9,No,47.02,0.00,6,Yes,0.19,800.80,10
room-64-64-16-even-19.scen,10,No,0,0,0,Yes,0.20,851.57,10
room-64-64-16-even-19.scen,11,No,0,0,0,Yes,0.21,879.22,10
room-64-64-16-even-19.scen,12,No,0,0,0,Yes,0.21,909.26,10
room-64-64-16-even-19.scen,13,No,0,0,0,Yes,0.22,941.06,10
room-64-64-16-even-19.scen,14,No,0,0,0,Yes,0.22,945.89,9
room-64-64-16-even-19.scen,15,No,0,0,0,Yes,0.24,1055.39,9
room-64-64-16-even-19.scen,16,No,0,0,0,Yes,0.26,1110.40,9
room-64-64-16-even-19.scen,17,No,0,0,0,Yes,0.29,1210.48,9
room-64-64-16-even-19.scen,18,No,0,0,0,Yes,0.29,1268.77,9
room-64-64-16-even-19.scen,19,No,0,0,0,Yes,0.35,1407.99,9
room-64-64-16-even-19.scen,20,No,0,0,0,Yes,0.40,1517.25,11
room-64-64-16-even-19.scen,21,No,0,0,0,Yes,0.46,1639.33,12
room-64-64-16-even-19.scen,22,No,0,0,0,Yes,0.48,1711.59,12
room-64-64-16-even-19.scen,23,No,0,0,0,Yes,1.20,1841.33,35
room-64-64-16-even-19.scen,24,No,0,0,0,Yes,4.73,1992.28,113
room-64-64-16-even-19.scen,25,No,0,0,0,No,30.04,0.00,621
room-64-64-16-even-20.scen,1,Yes,0.02,100.08,1,Yes,0.02,100.08,1
room-64-64-16-even-20.scen,2,Yes,0.02,127.23,1,Yes,0.01,127.23,1
room-64-64-16-even-20.scen,3,Yes,0.04,202.10,1,Yes,0.02,202.10,1
room-64-64-16-even-20.scen,4,Yes,0.06,297.04,1,Yes,0.03,297.04,1
room-64-64-16-even-20.scen,5,Yes,0.06,325.11,1,Yes,0.03,325.11,1
room-64-64-16-even-20.scen,6,Yes,16.17,398.63,4,Yes,0.04,398.63,1
room-64-64-16-even-20.scen,7,Yes,23.46,463.78,6,Yes,0.04,463.78,2
room-64-64-16-even-20.scen,8,No,33.30,0.00,8,Yes,0.06,528.55,2
room-64-64-16-even-20.scen,9,No,0,0,0,Yes,0.07,623.97,4
room-64-64-16-even-20.scen,10,No,0,0,0,Yes,0.07,635.80,4
room-64-64-16-even-20.scen,11,No,0,0,0,Yes,0.07,681.84,4
room-64-64-16-even-20.scen,12,No,0,0,0,Yes,0.09,772.27,4
room-64-64-16-even-20.scen,13,No,0,0,0,Yes,0.10,782.68,4
room-64-64-16-even-20.scen,14,No,0,0,0,Yes,0.14,878.55,8
room-64-64-16-even-20.scen,15,No,0,0,0,Yes,0.16,1005.61,8
room-64-64-16-even-20.scen,16,No,0,0,0,Yes,0.17,1071.38,9
room-64-64-16-even-20.scen,17,No,0,0,0,Yes,0.19,1131.80,9
room-64-64-16-even-20.scen,18,No,0,0,0,Yes,0.26,1254.30,11
room-64-64-16-even-20.scen,19,No,0,0,0,Yes,0.28,1305.69,11
room-64-64-16-even-20.scen,20,No,0,0,0,Yes,0.47,1397.63,19
room-64-64-16-even-20.scen,21,No,0,0,0,Yes,0.55,1491.47,21
room-64-64-16-even-20.scen,22,No,0,0,0,Yes,0.62,1596.72,21
room-64-64-16-even-20.scen,23,No,0,0,0,Yes,2.44,1737.53,77
room-64-64-16-even-20.scen,24,No,0,0,0,Yes,2.54,1801.06,77
room-64-64-16-even-20.scen,25,No,0,0,0,Yes,2.58,1813.89,77
room-64-64-16-even-20.scen,26,No,0,0,0,Yes,2.89,1951.94,78
room-64-64-16-even-20.scen,27,No,0,0,0,Yes,6.71,2070.17,163
room-64-64-16-even-20.scen,28,No,0,0,0,No,30.06,0.00,646
room-64-64-16-even-21.scen,1,Yes,0.00,70.25,1,Yes,0.00,70.25,1
room-64-64-16-even-21.scen,2,Yes,0.00,76.91,1,Yes,0.00,76.91,1
room-64-64-16-even-21.scen,3,Yes,0.03,181.99,1,Yes,0.02,181.99,1
room-64-64-16-even-21.scen,4,Yes,7.82,324.81,2,Yes,0.03,324.81,1
room-64-64-16-even-21.scen,5,Yes,7.60,341.63,2,Yes,0.03,341.63,1
room-64-64-16-even-21.scen,6,Yes,11.97,479.20,3,Yes,0.06,479.20,1
room-64-64-16-even-21.scen,7,No,32.61,0.00,4,Yes,0.08,593.43,1
room-64-64-16-even-21.scen,8,No,0,0,0,Yes,0.13,680.54,2
room-64-64-16-even-21.scen,9,No,0,0,0,Yes,0.44,767.24,18
room-64-64-16-even-21.scen,10,No,0,0,0,Yes,0.38,853.11,20
room-64-64-16-even-21.scen,11,No,0,0,0,Yes,0.42,917.39,23
room-64-64-16-even-21.scen,12,No,0,0,0,Yes,0.41,1011.34,24
room-64-64-16-even-21.scen,13,No,0,0,0,Yes,0.47,1092.69,25
room-64-64-16-even-21.scen,14,No,0,0,0,Yes,0.44,1099.52,24
room-64-64-16-even-21.scen,15,No,0,0,0,Yes,0.45,1111.93,24
room-64-64-16-even-21.scen,16,No,0,0,0,Yes,0.48,1152.87,24
room-64-64-16-even-21.scen,17,No,0,0,0,Yes,0.58,1279.79,29
room-64-64-16-even-21.scen,18,No,0,0,0,Yes,0.65,1367.48,30
room-64-64-16-even-21.scen,19,No,0,0,0,Yes,0.70,1480.98,30
room-64-64-16-even-21.scen,20,No,0,0,0,Yes,0.78,1547.09,32
room-64-64-16-even-21.scen,21,No,0,0,0,Yes,0.82,1550.92,32
room-64-64-16-even-21.scen,22,No,0,0,0,Yes,3.44,1627.45,140
room-64-64-16-even-21.scen,23,No,0,0,0,Yes,7.75,1755.78,278
room-64-64-16-even-21.scen,24,No,0,0,0,Yes,7.90,1772.68,278
room-64-64-16-even-21.scen,25,No,0,0,0,Yes,8.38,1832.30,278
room-64-64-16-even-21.scen,26,No,0,0,0,Yes,11.22,1956.87,340
room-64-64-16-even-21.scen,27,No,0,0,0,No,30.04,0.00,1127
room-64-64-16-even-22.scen,1,Yes,0.01,121.67,1,Yes,0.01,121.67,1
room-64-64-16-even-22.scen,2,Yes,0.01,151.57,1,Yes,0.01,151.57,1
room-64-64-16-even-22.scen,3,Yes,0.02,211.92,1,Yes,0.01,211.92,1
room-64-64-16-even-22.scen,4,Yes,3.47,290.38,3,Yes,0.02,290.38,1
room-64-64-16-even-22.scen,5,Yes,5.10,383.74,5,Yes,0.03,383.74,1
room-64-64-16-even-22.scen,6,Yes,1.49,520.30,4,Yes,0.04,520.30,1
room-64-64-16-even-22.scen,7,Yes,1.50,539.37,4,Yes,0.06,539.96,2
room-64-64-16-even-22.scen,8,Yes,1.71,674.67,4,Yes,0.07,675.26,2
room-64-64-16-even-22.scen,9,Yes,1.54,722.13,4,Yes,0.07,722.71,2
room-64-64-16-even-22.scen,10,No,30.09,0.00,5,Yes,0.08,810.07,2
room-64-64-16-even-22.scen,11,No,0,0,0,Yes,0.08,813.90,2
room-64-64-16-even-22.scen,12,No,0,0,0,Yes,0.08,822.72,2
room-64-64-16-even-22.scen,13,No,0,0,0,Yes,0.09,898.42,2
room-64-64-16-even-22.scen,14,No,0,0,0,Yes,0.09,962.36,2
room-64-64-16-even-22.scen,15,No,0,0,0,Yes,0.09,1005.82,2
room-64-64-16-even-22.scen,16,No,0,0,0,Yes,0.11,1050.86,2
room-64-64-16-even-22.scen,17,No,0,0,0,Yes,0.10,1082.08,2
room-64-64-16-even-22.scen,18,No,0,0,0,Yes,0.10,1102.08,2
room-64-64-16-even-22.scen,19,No,0,0,0,Yes,0.11,1185.43,2
room-64-64-16-even-22.scen,20,No,0,0,0,Yes,0.16,1309.83,3
room-64-64-16-even-22.scen,21,No,0,0,0,Yes,0.17,1366.25,4
room-64-64-16-even-22.scen,22,No,0,0,0,Yes,0.18,1463.37,4
room-64-64-16-even-22.scen,23,No,0,0,0,Yes,0.23,1509.58,6
room-64-64-16-even-22.scen,24,No,0,0,0,Yes,0.23,1574.45,6
room-64-64-16-even-22.scen,25,No,0,0,0,Yes,0.24,1611.76,6
room-64-64-16-even-22.scen,26,No,0,0,0,Yes,0.24,1621.59,6
room-64-64-16-even-22.scen,27,No,0,0,0,Yes,0.39,1675.63,15
room-64-64-16-even-22.scen,28,No,0,0,0,Yes,0.40,1738.06,15
room-64-64-16-even-22.scen,29,No,0,0,0,No,30.12,0.00,139
room-64-64-16-even-23.scen,1,Yes,0.03,126.57,1,Yes,0.02,126.57,1
room-64-64-16-even-23.scen,2,Yes,0.02,147.64,1,Yes,0.02,147.64,1
room-64-64-16-even-23.scen,3,Yes,0.05,298.18,1,Yes,0.05,298.18,1
room-64-64-16-even-23.scen,4,No,42.49,0.00,2,Yes,0.06,363.81,2
room-64-64-16-even-23.scen,5,No,0,0,0,Yes,0.06,409.16,2
room-64-64-16-even-23.scen,6,No,0,0,0,Yes,7.23,512.00,21
room-64-64-16-even-23.scen,7,No,0,0,0,No,30.15,0.00,80
room-64-64-16-even-24.scen,1,Yes,0.02,132.40,1,Yes,0.02,132.40,1
room-64-64-16-even-24.scen,2,Yes,0.02,177.61,1,Yes,0.01,177.61,1
room-64-64-16-even-24.scen,3,Yes,9.57,308.08,2,Yes,0.03,308.08,1
room-64-64-16-even-24.scen,4,No,39.33,0.00,3,Yes,0.05,438.13,1
room-64-64-16-even-24.scen,5,No,0,0,0,Yes,0.05,511.49,2
room-64-64-16-even-24.scen,6,No,0,0,0,Yes,0.08,631.71,2
room-64-64-16-even-24.scen,7,No,0,0,0,Yes,0.08,714.00,3
room-64-64-16-even-24.scen,8,No,0,0,0,Yes,0.08,735.07,3
room-64-64-16-even-24.scen,9,No,0,0,0,Yes,0.18,890.61,7
room-64-64-16-even-24.scen,10,No,0,0,0,Yes,0.18,910.68,7
room-64-64-16-even-24.scen,11,No,0,0,0,Yes,0.19,965.38,7
room-64-64-16-even-24.scen,12,No,0,0,0,Yes,0.22,1100.43,7
room-64-64-16-even-24.scen,13,No,0,0,0,Yes,0.22,1197.17,7
room-64-64-16-even-24.scen,14,No,0,0,0,Yes,0.25,1350.88,7
room-64-64-16-even-24.scen,15,No,0,0,0,Yes,0.30,1448.58,8
room-64-64-16-even-24.scen,16,No,0,0,0,Yes,0.35,1559.08,9
room-64-64-16-even-24.scen,17,No,0,0,0,Yes,0.34,1572.98,9
room-64-64-16-even-24.scen,18,No,0,0,0,Yes,0.34,1592.63,9
room-64-64-16-even-24.scen,19,No,0,0,0,Yes,0.36,1619.70,9
room-64-64-16-even-24.scen,20,No,0,0,0,Yes,0.35,1635.19,9
room-64-64-16-even-24.scen,21,No,0,0,0,Yes,0.42,1740.44,10
room-64-64-16-even-24.scen,22,No,0,0,0,Yes,0.47,1865.26,10
room-64-64-16-even-24.scen,23,No,0,0,0,Yes,0.48,1909.40,10
room-64-64-16-even-24.scen,24,No,0,0,0,Yes,0.53,1969.68,12
room-64-64-16-even-24.scen,25,No,0,0,0,Yes,0.56,2053.21,12
room-64-64-16-even-24.scen,26,No,0,0,0,Yes,0.57,2078.18,12
room-64-64-16-even-24.scen,27,No,0,0,0,Yes,1.28,2226.23,27
room-64-64-16-even-24.scen,28,No,0,0,0,Yes,1.28,2227.65,27
room-64-64-16-even-24.scen,29,No,0,0,0,Yes,1.33,2276.59,27
room-64-64-16-even-24.scen,30,No,0,0,0,Yes,2.05,2408.02,38
room-64-64-16-even-24.scen,31,No,0,0,0,Yes,2.25,2448.50,45
room-64-64-16-even-24.scen,32,No,0,0,0,Yes,4.79,2535.20,88
room-64-64-16-even-24.scen,33,No,0,0,0,Yes,5.00,2612.24,87
room-64-64-16-even-24.scen,34,No,0,0,0,Yes,18.59,2690.67,305
room-64-64-16-even-24.scen,35,No,0,0,0,No,30.08,0.00,440
room-64-64-16-even-25.scen,1,Yes,0.01,100.36,1,Yes,0.01,100.36,1
room-64-64-16-even-25.scen,2,Yes,2.21,171.12,2,Yes,0.01,171.12,1
room-64-64-16-even-25.scen,3,Yes,2.35,231.89,2,Yes,0.01,231.89,1
room-64-64-16-even-25.scen,4,Yes,2.18,277.25,2,Yes,0.01,277.25,1
room-64-64-16-even-25.scen,5,Yes,2.25,423.72,2,Yes,0.06,423.72,1
room-64-64-16-even-25.scen,6,No,31.43,0.00,3,Yes,0.07,515.80,2
room-64-64-16-even-25.scen,7,No,0,0,0,Yes,0.08,548.11,3
room-64-64-16-even-25.scen,8,No,0,0,0,Yes,0.08,607.74,3
room-64-64-16-even-25.scen,9,No,0,0,0,Yes,0.09,732.55,3
room-64-64-16-even-25.scen,10,No,0,0,0,Yes,0.15,868.02,4
room-64-64-16-even-25.scen,11,No,0,0,0,Yes,0.15,894.16,4
room-64-64-16-even-25.scen,12,No,0,0,0,Yes,0.21,939.21,6
room-64-64-16-even-25.scen,13,No,0,0,0,Yes,0.21,974.00,6
room-64-64-16-even-25.scen,14,No,0,0,0,Yes,0.21,987.25,6
room-64-64-16-even-25.scen,15,No,0,0,0,Yes,0.22,1009.32,6
room-64-64-16-even-25.scen,16,No,0,0,0,Yes,0.21,1010.32,6
room-64-64-16-even-25.scen,17,No,0,0,0,Yes,0.27,1147.06,7
room-64-64-16-even-25.scen,18,No,0,0,0,Yes,0.30,1253.97,7
room-64-64-16-even-25.scen,19,No,0,0,0,Yes,0.30,1258.80,7
room-64-64-16-even-25.scen,20,No,0,0,0,Yes,0.32,1405.27,7
room-64-64-16-even-25.scen,21,No,0,0,0,Yes,0.33,1456.99,8
room-64-64-16-even-25.scen,22,No,0,0,0,Yes,0.34,1577.98,9
room-64-64-16-even-25.scen,23,No,0,0,0,Yes,0.35,1642.30,9
room-64-64-16-even-25.scen,24,No,0,0,0,Yes,0.43,1781.70,10
room-64-64-16-even-25.scen,25,No,0,0,0,Yes,0.47,1911.27,10
room-64-64-16-even-25.scen,26,No,0,0,0,Yes,0.65,2038.35,15
room-64-64-16-even-25.scen,27,No,0,0,0,Yes,0.77,2117.46,19
room-64-64-16-even-25.scen,28,No,0,0,0,Yes,0.97,2232.28,21
room-64-64-16-even-25.scen,29,No,0,0,0,Yes,1.04,2295.12,23
room-64-64-16-even-25.scen,30,No,0,0,0,Yes,1.17,2430.41,24
room-64-64-16-even-25.scen,31,No,0,0,0,Yes,1.20,2458.14,24
room-64-64-16-even-25.scen,32,No,0,0,0,Yes,1.21,2487.87,24
room-64-64-16-even-25.scen,33,No,0,0,0,No,30.06,0.00,523
room-64-64-16-random-1.scen,1,Yes,0.00,3.41,1,Yes,0.00,3.41,1
room-64-64-16-random-1.scen,2,Yes,0.00,47.97,1,Yes,0.00,47.97,1
room-64-64-16-random-1.scen,3,Yes,0.02,119.43,1,Yes,0.01,119.43,1
room-64-64-16-random-1.scen,4,Yes,0.03,201.78,1,Yes,0.01,201.78,1
room-64-64-16-random-1.scen,5,Yes,3.09,275.62,2,Yes,0.02,275.62,1
room-64-64-16-random-1.scen,6,Yes,3.01,279.04,2,Yes,0.02,279.04,1
room-64-64-16-random-1.scen,7,Yes,3.16,322.84,2,Yes,0.02,322.84,1
room-64-64-16-random-1.scen,8,Yes,3.03,341.49,2,Yes,0.02,341.49,1
room-64-64-16-random-1.scen,9,Yes,3.16,394.71,2,Yes,0.02,394.71,1
room-64-64-16-random-1.scen,10,Yes,3.06,410.36,2,Yes,0.02,410.36,1
room-64-64-16-random-1.scen,11,Yes,3.04,429.09,2,Yes,0.02,429.09,1
room-64-64-16-random-1.scen,12,Yes,3.09,494.13,2,Yes,0.03,494.13,1
room-64-64-16-random-1.scen,13,Yes,3.06,543.69,2,Yes,0.03,543.69,1
room-64-64-16-random-1.scen,14,Yes,3.07,579.42,2,Yes,0.03,579.42,1
room-64-64-16-random-1.scen,15,Yes,3.13,590.32,2,Yes,0.03,590.32,1
room-64-64-16-random-1.scen,16,Yes,3.14,618.46,2,Yes,0.03,618.46,1
room-64-64-16-random-1.scen,17,Yes,11.84,730.85,4,Yes,0.04,730.85,2
room-64-64-16-random-1.scen,18,Yes,24.42,855.18,6,Yes,0.07,855.18,3
room-64-64-16-random-1.scen,19,No,30.21,0.00,10,Yes,0.13,924.12,4
room-64-64-16-random-1.scen,20,No,0,0,0,Yes,0.15,1023.21,5
room-64-64-16-random-1.scen,21,No,0,0,0,Yes,0.16,1095.73,5
room-64-64-16-random-1.scen,22,No,0,0,0,Yes,0.24,1188.09,8
room-64-64-16-random-1.scen,23,No,0,0,0,Yes,0.31,1329.56,9
room-64-64-16-random-1.scen,24,No,0,0,0,Yes,0.30,1365.60,10
room-64-64-16-random-1.scen,25,No,0,0,0,Yes,0.37,1479.02,11
room-64-64-16-random-1.scen,26,No,0,0,0,Yes,0.43,1543.72,12
room-64-64-16-random-1.scen,27,No,0,0,0,Yes,0.42,1581.83,12
room-64-64-16-random-1.scen,28,No,0,0,0,Yes,0.44,1669.70,12
room-64-64-16-random-1.scen,29,No,0,0,0,Yes,0.45,1688.43,13
room-64-64-16-random-1.scen,30,No,0,0,0,Yes,0.46,1726.55,14
room-64-64-16-random-1.scen,31,No,0,0,0,Yes,0.50,1783.59,14
room-64-64-16-random-1.scen,32,No,0,0,0,Yes,0.82,1848.97,22
room-64-64-16-random-1.scen,33,No,0,0,0,Yes,1.54,1974.88,39
room-64-64-16-random-1.scen,34,No,0,0,0,Yes,6.79,2056.65,151
room-64-64-16-random-1.scen,35,No,0,0,0,Yes,6.92,2087.38,151
room-64-64-16-random-1.scen,36,No,0,0,0,Yes,14.62,2152.91,297
room-64-64-16-random-1.scen,37,No,0,0,0,Yes,14.91,2181.98,297
room-64-64-16-random-1.scen,38,No,0,0,0,Yes,15.78,2248.75,297
room-64-64-16-random-1.scen,39,No,0,0,0,No,30.04,0.00,531
room-64-64-16-random-2.scen,1,Yes,0.00,43.11,1,Yes,0.00,43.11,1
room-64-64-16-random-2.scen,2,Yes,0.00,85.23,1,Yes,0.00,85.23,1
room-64-64-16-random-2.scen,3,Yes,0.02,204.14,1,Yes,0.01,204.14,1
room-64-64-16-random-2.scen,4,Yes,0.02,211.97,1,Yes,0.01,211.97,1
room-64-64-16-random-2.scen,5,Yes,0.02,257.15,1,Yes,0.01,257.15,1
room-64-64-16-random-2.scen,6,Yes,0.02,274.29,1,Yes,0.01,274.29,1
room-64-64-16-random-2.scen,7,Yes,0.24,325.82,2,Yes,0.02,325.82,2
room-64-64-16-random-2.scen,8,Yes,0.24,385.59,2,Yes,0.02,385.59,2
room-64-64-16-random-2.scen,9,Yes,0.25,392.24,2,Yes,0.02,392.24,2
room-64-64-16-random-2.scen,10,Yes,0.35,473.19,2,Yes,0.03,473.19,2
room-64-64-16-random-2.scen,11,Yes,0.31,484.67,2,Yes,0.03,484.67,2
room-64-64-16-random-2.scen,12,Yes,0.27,539.23,2,Yes,0.03,539.23,2
room-64-64-16-random-2.scen,13,Yes,0.27,558.78,2,Yes,0.03,558.78,2
room-64-64-16-random-2.scen,14,Yes,0.28,570.85,2,Yes,0.03,570.85,2
room-64-64-16-random-2.scen,15,Yes,0.30,637.28,2,Yes,0.04,637.28,2
room-64-64-16-random-2.scen,16,Yes,1.76,675.08,5,Yes,0.04,675.08,2
room-64-64-16-random-2.scen,17,Yes,1.76,687.74,5,Yes,0.05,687.74,2
room-64-64-16-random-2.scen,18,Yes,1.77,729.78,5,Yes,0.05,729.78,2
room-64-64-16-random-2.scen,19,Yes,1.78,807.96,5,Yes,0.05,807.96,2
room-64-64-16-random-2.scen,20,Yes,3.72,852.35,6,Yes,0.05,852.35,2
room-64-64-16-random-2.scen,21,Yes,3.67,882.15,6,Yes,0.05,882.15,2
room-64-64-16-random-2.scen,22,Yes,6.12,1036.44,7,Yes,0.07,1036.44,2
room-64-64-16-random-2.scen,23,Yes,6.09,1091.38,7,Yes,0.07,1091.38,2
room-64-64-16-random-2.scen,24,Yes,6.17,1184.57,7,Yes,0.08,1184.57,2
room-64-64-16-random-2.scen,25,Yes,7.95,1275.65,9,Yes,0.15,1275.65,5
room-64-64-16-random-2.scen,26,Yes,7.94,1305.28,9,Yes,0.16,1305.28,5
room-64-64-16-random-2.scen,27,Yes,8.03,1316.28,9,Yes,0.16,1316.28,5
room-64-64-16-random-2.scen,28,No,30.41,0.00,26,No,30.11,0.00,332
room-64-64-16-random-3.scen,1,Yes,0.00,7.24,1,Yes,0.00,7.24,1
room-64-64-16-random-3.scen,2,Yes,0.01,59.43,1,Yes,0.00,59.43,1
room-64-64-16-random-3.scen,3,Yes,0.02,183.82,1,Yes,0.01,183.82,1
room-64-64-16-random-3.scen,4,Yes,0.03,243.52,1,Yes,0.01,243.52,1
room-64-64-16-random-3.scen,5,Yes,0.03,291.29,1,Yes,0.01,291.29,1
room-64-64-16-random-3.scen,6,Yes,0.03,298.71,1,Yes,0.01,298.71,1
room-64-64-16-random-3.scen,7,Yes,0.03,327.02,1,Yes,0.01,327.02,1
room-64-64-16-random-3.scen,8,Yes,0.03,363.92,1,Yes,0.02,363.92,1
room-64-64-16-random-3.scen,9,Yes,0.03,383.65,1,Yes,0.02,383.65,1
room-64-64-16-random-3.scen,10,Yes,0.06,474.49,1,Yes,0.04,474.49,1
room-64-64-16-random-3.scen,11,Yes,0.07,506.70,1,Yes,0.04,506.70,1
room-64-64-16-random-3.scen,12,Yes,0.07,576.40,1,Yes,0.04,576.40,1
room-64-64-16-random-3.scen,13,Yes,0.07,601.13,1,Yes,0.04,601.13,1
room-64-64-16-random-3.scen,14,Yes,0.07,665.00,1,Yes,0.04,665.00,1
room-64-64-16-random-3.scen,15,Yes,0.08,713.28,1,Yes,0.05,713.28,1
room-64-64-16-random-3.scen,16,Yes,0.09,742.84,1,Yes,0.05,742.84,1
room-64-64-16-random-3.scen,17,Yes,0.08,768.98,1,Yes,0.05,768.98,1
room-64-64-16-random-3.scen,18,Yes,0.16,821.58,2,Yes,0.06,821.58,2
room-64-64-16-random-3.scen,19,Yes,0.18,902.18,2,Yes,0.06,902.18,2
room-64-64-16-random-3.scen,20,Yes,0.17,950.97,2,Yes,0.07,950.97,2
room-64-64-16-random-3.scen,21,Yes,0.30,982.95,5,Yes,0.10,982.95,5
room-64-64-16-random-3.scen,22,Yes,0.32,1125.76,5,Yes,0.12,1125.76,5
room-64-64-16-random-3.scen,23,Yes,0.31,1154.48,5,Yes,0.12,1154.48,5
room-64-64-16-random-3.scen,24,Yes,10.36,1277.88,6,Yes,0.15,1277.88,5
room-64-64-16-random-3.scen,25,Yes,10.56,1324.20,11,Yes,0.23,1324.20,11
room-64-64-16-random-3.scen,26,Yes,12.36,1390.31,22,Yes,1.69,1390.31,24
room-64-64-16-random-3.scen,27,Yes,12.30,1402.72,22,Yes,1.67,1402.72,24
room-64-64-16-random-3.scen,28,No,31.19,0.00,27,No,30.05,0.00,845
room-64-64-16-random-4.scen,1,Yes,0.00,9.07,1,Yes,0.00,9.07,1
room-64-64-16-random-4.scen,2,Yes,0.00,26.14,1,Yes,0.00,26.14,1
room-64-64-16-random-4.scen,3,Yes,0.02,124.23,1,Yes,0.01,124.23,1
room-64-64-16-random-4.scen,4,Yes,0.02,130.23,1,Yes,0.01,130.23,1
room-64-64-16-random-4.scen,5,Yes,0.02,189.17,1,Yes,0.02,189.17,1
room-64-64-16-random-4.scen,6,Yes,0.02,195.82,1,Yes,0.02,195.82,1
room-64-64-16-random-4.scen,7,Yes,0.03,231.97,1,Yes,0.02,231.97,1
room-64-64-16-random-4.scen,8,Yes,0.04,324.29,1,Yes,0.03,324.29,1
room-64-64-16-random-4.scen,9,Yes,0.05,351.43,1,Yes,0.02,351.43,1
room-64-64-16-random-4.scen,10,Yes,0.04,368.68,1,Yes,0.03,368.68,1
room-64-64-16-random-4.scen,11,Yes,0.04,387.16,1,Yes,0.03,387.16,2
room-64-64-16-random-4.scen,12,Yes,0.04,442.13,1,Yes,0.03,442.13,2
room-64-64-16-random-4.scen,13,Yes,0.08,566.97,1,Yes,0.05,566.97,2
room-64-64-16-random-4.scen,14,Yes,0.26,615.70,2,Yes,0.06,615.70,2
room-64-64-16-random-4.scen,15,Yes,0.27,631.53,2,Yes,0.06,631.53,2
room-64-64-16-random-4.scen,16,Yes,0.27,683.06,2,Yes,0.08,683.06,4
room-64-64-16-random-4.scen,17,Yes,0.81,727.85,3,Yes,0.09,727.85,5
room-64-64-16-random-4.scen,18,No,30.81,0.00,5,Yes,0.10,839.77,6
room-64-64-16-random-4.scen,19,No,0,0,0,Yes,0.13,908.12,7
room-64-64-16-random-4.scen,20,No,0,0,0,Yes,0.45,1015.03,16
room-64-64-16-random-4.scen,21,No,0,0,0,Yes,0.94,1082.25,28
room-64-64-16-random-4.scen,22,No,0,0,0,Yes,0.98,1216.09,28
room-64-64-16-random-4.scen,23,No,0,0,0,Yes,1.07,1322.20,29
room-64-64-16-random-4.scen,24,No,0,0,0,Yes,5.86,1363.66,53
room-64-64-16-random-4.scen,25,No,0,0,0,Yes,6.22,1487.81,54
room-64-64-16-random-4.scen,26,No,0,0,0,Yes,7.07,1598.82,55
room-64-64-16-random-4.scen,27,No,0,0,0,Yes,6.92,1638.52,55
room-64-64-16-random-4.scen,28,No,0,0,0,No,30.36,0.00,153
room-64-64-16-random-5.scen,1,Yes,0.00,13.24,1,Yes,0.00,13.24,1
room-64-64-16-random-5.scen,2,Yes,0.00,30.31,1,Yes,0.00,30.31,1
room-64-64-16-random-5.scen,3,Yes,0.02,130.57,1,Yes,0.01,130.57,1
room-64-64-16-random-5.scen,4,Yes,0.02,165.30,1,Yes,0.01,165.30,1
room-64-64-16-random-5.scen,5,Yes,0.02,197.17,1,Yes,0.01,197.17,1
room-64-64-16-random-5.scen,6,Yes,0.02,205.65,1,Yes,0.01,205.65,1
room-64-64-16-random-5.scen,7,Yes,0.04,264.11,1,Yes,0.02,264.11,1
room-64-64-16-random-5.scen,8,Yes,0.05,331.81,1,Yes,0.03,331.81,1
room-64-64-16-random-5.scen,9,Yes,0.05,341.46,1,Yes,0.03,341.46,1
room-64-64-16-random-5.scen,10,Yes,0.05,374.09,1,Yes,0.03,374.09,1
room-64-64-16-random-5.scen,11,Yes,0.05,412.37,1,Yes,0.03,412.37,1
room-64-64-16-random-5.scen,12,Yes,0.06,483.24,1,Yes,0.03,483.24,1
room-64-64-16-random-5.scen,13,Yes,0.06,548.19,1,Yes,0.03,548.19,1
room-64-64-16-random-5.scen,14,Yes,0.16,606.13,2,Yes,0.04,606.13,1
room-64-64-16-random-5.scen,15,Yes,0.16,629.44,2,Yes,0.04,629.44,1
room-64-64-16-random-5.scen,16,Yes,0.16,669.41,2,Yes,0.04,669.41,2
room-64-64-16-random-5.scen,17,Yes,0.17,718.70,2,Yes,0.04,718.70,2
room-64-64-16-random-5.scen,18,Yes,22.96,830.78,6,Yes,0.07,830.78,3
room-64-64-16-random-5.scen,19,Yes,22.90,872.41,7,Yes,0.07,872.41,3
room-64-64-16-random-5.scen,20,Yes,25.29,991.32,9,Yes,0.08,991.32,3
room-64-64-16-random-5.scen,21,No,36.22,0.00,16,Yes,0.13,1031.73,8
room-64-64-16-random-5.scen,22,No,0,0,0,Yes,0.17,1167.71,8
room-64-64-16-random-5.scen,23,No,0,0,0,Yes,0.20,1278.87,8
room-64-64-16-random-5.scen,24,No,0,0,0,Yes,0.21,1321.40,8
room-64-64-16-random-5.scen,25,No,0,0,0,Yes,0.36,1419.68,15
room-64-64-16-random-5.scen,26,No,0,0,0,Yes,0.38,1498.86,15
room-64-64-16-random-5.scen,27,No,0,0,0,Yes,0.38,1509.11,15
room-64-64-16-random-5.scen,28,No,0,0,0,Yes,0.77,1626.09,28
room-64-64-16-random-5.scen,29,No,0,0,0,Yes,0.80,1660.06,28
room-64-64-16-random-5.scen,30,No,0,0,0,Yes,0.83,1691.52,29
room-64-64-16-random-5.scen,31,No,0,0,0,Yes,1.04,1763.77,36
room-64-64-16-random-5.scen,32,No,0,0,0,Yes,1.12,1837.78,36
room-64-64-16-random-5.scen,33,No,0,0,0,Yes,1.61,1926.14,52
room-64-64-16-random-5.scen,34,No,0,0,0,Yes,1.80,2055.88,52
room-64-64-16-random-5.scen,35,No,0,0,0,Yes,1.81,2087.51,52
room-64-64-16-random-5.scen,36,No,0,0,0,Yes,1.87,2112.33,52
room-64-64-16-random-5.scen,37,No,0,0,0,Yes,1.90,2132.06,52
room-64-64-16-random-5.scen,38,No,0,0,0,Yes,2.10,2202.35,56
room-64-64-16-random-5.scen,39,No,0,0,0,Yes,2.20,2244.22,56
room-64-64-16-random-5.scen,40,No,0,0,0,Yes,2.26,2287.16,56
room-64-64-16-random-5.scen,41,No,0,0,0,Yes,2.29,2301.06,57
room-64-64-16-random-5.scen,42,No,0,0,0,Yes,2.45,2394.90,57
room-64-64-16-random-5.scen,43,No,0,0,0,No,30.02,0.00,676
room-64-64-16-random-6.scen,1,Yes,0.00,7.07,1,Yes,0.00,7.07,1
room-64-64-16-random-6.scen,2,Yes,0.00,29.38,1,Yes,0.00,29.38,1
room-64-64-16-random-6.scen,3,Yes,0.02,136.71,1,Yes,0.02,136.71,1
room-64-64-16-random-6.scen,4,Yes,0.02,143.95,1,Yes,0.02,143.95,1
room-64-64-16-random-6.scen,5,Yes,0.02,176.92,1,Yes,0.02,176.92,1
room-64-64-16-random-6.scen,6,Yes,0.02,186.99,1,Yes,0.02,186.99,1
room-64-64-16-random-6.scen,7,Yes,0.03,223.55,1,Yes,0.02,223.55,1
room-64-64-16-random-6.scen,8,Yes,0.03,290.01,1,Yes,0.02,290.01,1
room-64-64-16-random-6.scen,9,Yes,0.04,304.66,1,Yes,0.02,304.66,1
room-64-64-16-random-6.scen,10,Yes,0.04,351.22,1,Yes,0.02,351.22,1
room-64-64-16-random-6.scen,11,Yes,0.04,364.71,1,Yes,0.02,364.71,1
room-64-64-16-random-6.scen,12,Yes,0.05,438.23,1,Yes,0.03,438.23,1
room-64-64-16-random-6.scen,13,Yes,0.06,508.83,1,Yes,0.03,508.83,1
room-64-64-16-random-6.scen,14,Yes,2.13,562.70,3,Yes,0.04,562.70,1
room-64-64-16-random-6.scen,15,Yes,2.12,583.53,3,Yes,0.04,583.53,1
room-64-64-16-random-6.scen,16,Yes,2.93,613.74,4,Yes,0.04,613.74,1
room-64-64-16-random-6.scen,17,Yes,3.10,628.57,4,Yes,0.04,628.57,1
room-64-64-16-random-6.scen,18,Yes,4.99,734.51,5,Yes,0.05,734.51,1
room-64-64-16-random-6.scen,19,Yes,4.94,797.11,5,Yes,0.05,797.11,1
room-64-64-16-random-6.scen,20,Yes,24.29,902.36,9,Yes,0.06,902.36,1
room-64-64-16-random-6.scen,21,Yes,23.90,954.58,11,Yes,0.06,954.58,2
room-64-64-16-random-6.scen,22,No,31.37,0.00,11,Yes,0.11,1092.80,2
room-64-64-16-random-6.scen,23,No,0,0,0,Yes,0.12,1198.84,2
room-64-64-16-random-6.scen,24,No,0,0,0,Yes,0.13,1250.47,2
room-64-64-16-random-6.scen,25,No,0,0,0,Yes,0.19,1364.73,6
room-64-64-16-random-6.scen,26,No,0,0,0,Yes,0.21,1494.64,6
room-64-64-16-random-6.scen,27,No,0,0,0,Yes,0.22,1526.54,6
room-64-64-16-random-6.scen,28,No,0,0,0,Yes,0.25,1666.18,6
room-64-64-16-random-6.scen,29,No,0,0,0,Yes,0.24,1702.56,6
room-64-64-16-random-6.scen,30,No,0,0,0,Yes,0.25,1747.02,6
room-64-64-16-random-6.scen,31,No,0,0,0,No,30.86,0.00,104
room-64-64-16-random-7.scen,1,Yes,0.00,8.07,1,Yes,0.00,8.07,1
room-64-64-16-random-7.scen,2,Yes,0.01,48.38,1,Yes,0.00,48.38,1
room-64-64-16-random-7.scen,3,Yes,0.04,136.33,1,Yes,0.01,136.33,1
room-64-64-16-random-7.scen,4,Yes,0.04,145.40,1,Yes,0.01,145.40,1
room-64-64-16-random-7.scen,5,Yes,0.04,195.02,1,Yes,0.01,195.02,1
room-64-64-16-random-7.scen,6,Yes,0.04,212.10,1,Yes,0.01,212.10,1
room-64-64-16-random-7.scen,7,Yes,9.79,307.25,2,Yes,0.03,307.25,2
room-64-64-16-random-7.scen,8,Yes,10.58,383.43,4,Yes,0.06,383.43,10
room-64-64-16-random-7.scen,9,Yes,10.68,394.92,4,Yes,0.06,394.92,10
room-64-64-16-random-7.scen,10,Yes,10.86,439.37,4,Yes,0.07,439.37,10
room-64-64-16-random-7.scen,11,Yes,10.71,486.35,4,Yes,0.07,486.35,10
room-64-64-16-random-7.scen,12,Yes,11.08,530.73,4,Yes,0.07,530.73,10
room-64-64-16-random-7.scen,13,Yes,10.67,691.75,4,Yes,0.12,691.75,10
room-64-64-16-random-7.scen,14,No,43.07,0.00,6,Yes,0.14,817.74,11
room-64-64-16-random-7.scen,15,No,0,0,0,Yes,0.14,832.98,11
room-64-64-16-random-7.scen,16,No,0,0,0,Yes,0.15,897.82,11
room-64-64-16-random-7.scen,17,No,0,0,0,Yes,0.20,1014.97,14
room-64-64-16-random-7.scen,18,No,0,0,0,Yes,0.23,1140.13,14
room-64-64-16-random-7.scen,19,No,0,0,0,Yes,0.24,1173.27,14
room-64-64-16-random-7.scen,20,No,0,0,0,Yes,0.28,1239.56,15
room-64-64-16-random-7.scen,21,No,0,0,0,Yes,0.31,1257.38,18
room-64-64-16-random-7.scen,22,No,0,0,0,Yes,0.45,1372.71,26
room-64-64-16-random-7.scen,23,No,0,0,0,Yes,0.54,1503.38,28
room-64-64-16-random-7.scen,24,No,0,0,0,Yes,1.01,1553.08,44
room-64-64-16-random-7.scen,25,No,0,0,0,Yes,1.03,1663.68,41
room-64-64-16-random-7.scen,26,No,0,0,0,Yes,1.12,1812.80,41
room-64-64-16-random-7.scen,27,No,0,0,0,Yes,7.44,1845.36,73
room-64-64-16-random-7.scen,28,No,0,0,0,Yes,8.33,1933.88,75
room-64-64-16-random-7.scen,29,No,0,0,0,Yes,11.33,1970.20,163
room-64-64-16-random-7.scen,30,No,0,0,0,Yes,12.03,2006.34,181
room-64-64-16-random-7.scen,31,No,0,0,0,Yes,12.18,2058.94,181
room-64-64-16-random-7.scen,32,No,0,0,0,Yes,12.44,2125.12,181
room-64-64-16-random-7.scen,33,No,0,0,0,Yes,12.91,2235.38,181
room-64-64-16-random-7.scen,34,No,0,0,0,Yes,19.37,2334.73,292
room-64-64-16-random-7.scen,35,No,0,0,0,No,30.06,0.00,419
room-64-64-16-random-8.scen,1,Yes,0.00,9.41,1,Yes,0.00,9.41,1
room-64-64-16-random-8.scen,2,Yes,0.00,20.49,1,Yes,0.00,20.49,1
room-64-64-16-random-8.scen,3,Yes,0.02,93.84,1,Yes,0.01,93.84,1
room-64-64-16-random-8.scen,4,Yes,0.02,112.74,1,Yes,0.01,112.74,1
room-64-64-16-random-8.scen,5,Yes,0.02,152.54,1,Yes,0.01,152.54,1
room-64-64-16-random-8.scen,6,Yes,0.02,155.95,1,Yes,0.01,155.95,1
room-64-64-16-random-8.scen,7,Yes,0.02,203.58,2,Yes,0.01,203.58,1
room-64-64-16-random-8.scen,8,Yes,0.02,221.82,2,Yes,0.01,221.82,1
room-64-64-16-random-8.scen,9,Yes,0.02,260.87,2,Yes,0.01,260.87,1
room-64-64-16-random-8.scen,10,Yes,0.03,296.84,2,Yes,0.02,296.84,1
room-64-64-16-random-8.scen,11,Yes,0.06,348.43,4,Yes,0.02,348.43,3
room-64-64-16-random-8.scen,12,Yes,0.06,415.52,4,Yes,0.03,415.52,3
room-64-64-16-random-8.scen,13,Yes,0.09,565.06,4,Yes,0.06,565.06,4
room-64-64-16-random-8.scen,14,No,35.84,0.00,6,Yes,0.08,693.70,4
room-64-64-16-random-8.scen,15,No,0,0,0,Yes,0.08,711.77,4
room-64-64-16-random-8.scen,16,No,0,0,0,Yes,0.10,762.71,8
room-64-64-16-random-8.scen,17,No,0,0,0,Yes,0.60,860.96,32
room-64-64-16-random-8.scen,18,No,0,0,0,Yes,1.19,985.70,60
room-64-64-16-random-8.scen,19,No,0,0,0,Yes,1.27,1066.40,60
room-64-64-16-random-8.scen,20,No,0,0,0,Yes,1.37,1162.48,60
room-64-64-16-random-8.scen,21,No,0,0,0,Yes,1.47,1247.50,60
room-64-64-16-random-8.scen,22,No,0,0,0,Yes,1.38,1363.58,58
room-64-64-16-random-8.scen,23,No,0,0,0,Yes,2.80,1505.88,105
room-64-64-16-random-8.scen,24,No,0,0,0,Yes,2.91,1536.02,105
room-64-64-16-random-8.scen,25,No,0,0,0,Yes,3.03,1607.47,105
room-64-64-16-random-8.scen,26,No,0,0,0,Yes,7.43,1750.84,213
room-64-64-16-random-8.scen,27,No,0,0,0,Yes,7.47,1754.26,213
room-64-64-16-random-8.scen,28,No,0,0,0,Yes,7.99,1831.61,213
room-64-64-16-random-8.scen,29,No,0,0,0,Yes,8.19,1863.48,213
room-64-64-16-random-8.scen,30,No,0,0,0,Yes,8.31,1905.77,218
room-64-64-16-random-8.scen,31,No,0,0,0,Yes,19.14,1975.71,436
room-64-64-16-random-8.scen,32,No,0,0,0,Yes,20.60,2020.09,458
room-64-64-16-random-8.scen,33,No,0,0,0,Yes,22.16,2147.83,458
room-64-64-16-random-8.scen,34,No,0,0,0,No,30.04,0.00,631
room-64-64-16-random-9.scen,1,Yes,0.00,26.31,1,Yes,0.00,26.31,1
room-64-64-16-random-9.scen,2,Yes,0.00,57.36,1,Yes,0.00,57.36,1
room-64-64-16-random-9.scen,3,Yes,0.01,164.85,1,Yes,0.01,164.85,1
room-64-64-16-random-9.scen,4,Yes,0.02,226.14,1,Yes,0.01,226.14,1
room-64-64-16-random-9.scen,5,Yes,0.02,285.49,1,Yes,0.01,285.49,1
room-64-64-16-random-9.scen,6,Yes,0.03,343.26,1,Yes,0.02,343.26,1
room-64-64-16-random-9.scen,7,Yes,0.03,373.72,1,Yes,0.02,373.72,1
room-64-64-16-random-9.scen,8,Yes,0.13,408.69,2,Yes,0.02,408.69,1
room-64-64-16-random-9.scen,9,Yes,0.13,415.35,2,Yes,0.02,415.35,1
room-64-64-16-random-9.scen,10,Yes,2.83,478.63,3,Yes,0.02,478.63,1
room-64-64-16-random-9.scen,11,Yes,2.87,495.70,3,No,0.02,0.00,1
room-64-64-16-random-9.scen,12,Yes,2.86,537.43,3,No,0,0,0
room-64-64-16-random-9.scen,13,Yes,2.90,600.78,4,No,0,0,0
room-64-64-16-random-9.scen,14,Yes,2.90,652.07,4,No,0,0,0
room-64-64-16-random-9.scen,15,Yes,2.88,707.60,4,No,0,0,0
room-64-64-16-random-9.scen,16,Yes,3.38,744.98,5,No,0,0,0
room-64-64-16-random-9.scen,17,Yes,3.42,762.12,5,No,0,0,0
room-64-64-16-random-9.scen,18,Yes,3.44,807.89,5,No,0,0,0
room-64-64-16-random-9.scen,19,Yes,4.25,861.10,6,No,0,0,0
room-64-64-16-random-9.scen,20,Yes,4.25,928.36,6,No,0,0,0
room-64-64-16-random-9.scen,21,Yes,8.64,969.82,14,No,0,0,0
room-64-64-16-random-9.scen,22,Yes,8.88,1123.11,14,No,0,0,0
room-64-64-16-random-9.scen,23,Yes,8.76,1164.33,14,No,0,0,0
room-64-64-16-random-9.scen,24,Yes,6.04,1233.51,13,No,0,0,0
room-64-64-16-random-9.scen,25,Yes,6.05,1311.18,14,No,0,0,0
room-64-64-16-random-9.scen,26,Yes,6.21,1333.98,15,No,0,0,0
room-64-64-16-random-9.scen,27,Yes,6.13,1341.63,15,No,0,0,0
room-64-64-16-random-9.scen,28,Yes,12.40,1424.65,20,No,0,0,0
room-64-64-16-random-9.scen,29,No,33.42,0.00,5,No,0,0,0
room-64-64-16-random-10.scen,1,Yes,0.00,2.41,1,Yes,0.00,2.41,1
room-64-64-16-random-10.scen,2,Yes,0.00,21.56,1,Yes,0.00,21.56,1
room-64-64-16-random-10.scen,3,Yes,0.01,87.57,1,Yes,0.00,87.57,1
room-64-64-16-random-10.scen,4,Yes,0.01,97.81,1,Yes,0.00,97.81,1
room-64-64-16-random-10.scen,5,Yes,0.01,152.68,1,Yes,0.01,152.68,1
room-64-64-16-random-10.scen,6,Yes,0.01,159.10,1,Yes,0.01,159.10,1
room-64-64-16-random-10.scen,7,Yes,0.01,185.99,1,Yes,0.01,185.99,1
room-64-64-16-random-10.scen,8,Yes,0.02,237.18,1,Yes,0.01,237.18,1
room-64-64-16-random-10.scen,9,Yes,0.02,245.01,1,Yes,0.01,245.01,1
room-64-64-16-random-10.scen,10,Yes,0.02,277.81,1,Yes,0.01,277.81,1
room-64-64-16-random-10.scen,11,Yes,0.02,284.22,1,Yes,0.01,284.22,1
room-64-64-16-random-10.scen,12,Yes,0.02,314.19,1,Yes,0.01,314.19,1
room-64-64-16-random-10.scen,13,Yes,0.04,441.24,1,Yes,0.02,441.24,1
room-64-64-16-random-10.scen,14,Yes,0.04,470.29,1,Yes,0.02,470.29,1
room-64-64-16-random-10.scen,15,Yes,0.04,491.19,1,Yes,0.03,491.19,1
room-64-64-16-random-10.scen,16,Yes,8.14,583.13,4,Yes,0.05,583.13,4
room-64-64-16-random-10.scen,17,Yes,10.32,700.62,5,Yes,0.07,700.62,4
room-64-64-16-random-10.scen,18,Yes,10.17,741.25,5,Yes,0.07,741.25,4
room-64-64-16-random-10.scen,19,Yes,10.20,765.57,5,Yes,0.07,765.57,4
room-64-64-16-random-10.scen,20,Yes,12.88,802.78,7,Yes,0.10,802.78,6
room-64-64-16-random-10.scen,21,Yes,18.97,904.93,9,Yes,0.11,904.93,6
room-64-64-16-random-10.scen,22,No,31.39,0.00,12,Yes,0.14,976.29,8
room-64-64-16-random-10.scen,23,No,0,0,0,No,30.06,0.00,1648
room-64-64-16-random-11.scen,1,Yes,0.00,50.53,1,Yes,0.00,50.53,1
room-64-64-16-random-11.scen,2,Yes,0.00,77.57,1,Yes,0.00,77.57,1
room-64-64-16-random-11.scen,3,Yes,0.01,176.48,1,Yes,0.01,176.48,1
room-64-64-16-random-11.scen,4,Yes,0.01,199.97,1,Yes,0.01,199.97,1
room-64-64-16-random-11.scen,5,Yes,0.01,225.52,1,Yes,0.01,225.52,1
room-64-64-16-random-11.scen,6,Yes,0.01,232.35,1,Yes,0.01,232.35,1
room-64-64-16-random-11.scen,7,Yes,0.01,267.56,1,Yes,0.01,267.56,1
room-64-64-16-random-11.scen,8,Yes,0.02,312.43,1,Yes,0.01,312.43,1
room-64-64-16-random-11.scen,9,Yes,0.02,322.85,1,Yes,0.01,322.85,1
room-64-64-16-random-11.scen,10,Yes,2.80,362.40,2,Yes,0.01,362.40,1
room-64-64-16-random-11.scen,11,Yes,2.78,471.17,2,Yes,0.02,471.17,1
room-64-64-16-random-11.scen,12,Yes,3.01,515.46,3,Yes,0.02,515.46,2
room-64-64-16-random-11.scen,13,Yes,3.05,550.91,3,Yes,0.02,550.91,2
room-64-64-16-random-11.scen,14,Yes,3.07,582.47,4,Yes,0.02,582.47,2
room-64-64-16-random-11.scen,15,Yes,3.08,708.38,4,Yes,0.03,708.38,2
room-64-64-16-random-11.scen,16,Yes,27.37,829.54,7,Yes,0.06,829.54,3
room-64-64-16-random-11.scen,17,Yes,27.11,859.44,8,Yes,0.07,859.44,4
room-64-64-16-random-11.scen,18,Yes,27.17,891.41,8,Yes,0.08,891.41,5
room-64-64-16-random-11.scen,19,No,48.56,0.00,9,Yes,0.10,1035.29,5
room-64-64-16-random-11.scen,20,No,0,0,0,Yes,0.11,1103.64,5
room-64-64-16-random-11.scen,21,No,0,0,0,Yes,0.11,1123.30,5
room-64-64-16-random-11.scen,22,No,0,0,0,Yes,0.13,1258.11,5
room-64-64-16-random-11.scen,23,No,0,0,0,Yes,0.13,1295.57,5
room-64-64-16-random-11.scen,24,No,0,0,0,Yes,0.14,1373.34,5
room-64-64-16-random-11.scen,25,No,0,0,0,Yes,0.15,1449.01,5
room-64-64-16-random-11.scen,26,No,0,0,0,Yes,0.17,1488.39,6
room-64-64-16-random-11.scen,27,No,0,0,0,Yes,0.18,1553.75,6
room-64-64-16-random-11.scen,28,No,0,0,0,No,30.04,0.00,380
room-64-64-16-random-12.scen,1,Yes,0.00,32.56,1,Yes,0.00,32.56,1
room-64-64-16-random-12.scen,2,Yes,0.00,87.50,1,Yes,0.00,87.50,1
room-64-64-16-random-12.scen,3,Yes,0.03,213.72,1,Yes,0.03,213.72,1
room-64-64-16-random-12.scen,4,Yes,0.03,249.52,1,Yes,0.03,249.52,1
room-64-64-16-random-12.scen,5,Yes,0.03,267.25,1,Yes,0.03,267.25,1
room-64-64-16-random-12.scen,6,Yes,0.03,292.74,1,Yes,0.03,292.74,1
room-64-64-16-random-12.scen,7,Yes,2.50,366.26,2,Yes,0.04,366.26,2
room-64-64-16-random-12.scen,8,Yes,9.61,432.37,6,Yes,0.05,432.37,4
room-64-64-16-random-12.scen,9,Yes,9.49,453.52,6,Yes,0.05,453.52,4
room-64-64-16-random-12.scen,10,No,31.20,0.00,287,Yes,3.53,488.24,1108
room-64-64-16-random-12.scen,11,No,0,0,0,No,30.03,0.00,3115
room-64-64-16-random-13.scen,1,Yes,0.02,112.15,1,Yes,0.01,112.15,1
room-64-64-16-random-13.scen,2,Yes,0.02,140.98,1,Yes,0.01,140.98,1
room-64-64-16-random-13.scen,3,Yes,0.04,220.17,1,Yes,0.02,220.17,1
room-64-64-16-random-13.scen,4,Yes,7.83,309.35,2,Yes,0.03,309.35,1
room-64-64-16-random-13.scen,5,Yes,7.86,342.32,2,Yes,0.04,342.32,1
room-64-64-16-random-13.scen,6,Yes,7.82,345.74,2,Yes,0.03,345.74,1
room-64-64-16-random-13.scen,7,Yes,7.79,357.81,2,Yes,0.04,357.81,1
room-64-64-16-random-13.scen,8,Yes,13.55,439.06,3,Yes,0.04,439.06,1
room-64-64-16-random-13.scen,9,Yes,13.55,444.89,3,Yes,0.04,444.89,1
room-64-64-16-random-13.scen,10,Yes,13.77,484.20,3,Yes,0.04,484.20,1
room-64-64-16-random-13.scen,11,Yes,13.57,497.86,3,Yes,0.04,497.86,1
room-64-64-16-random-13.scen,12,Yes,13.66,591.11,3,Yes,0.06,591.11,1
room-64-64-16-random-13.scen,13,Yes,13.75,639.16,3,Yes,0.06,639.16,1
room-64-64-16-random-13.scen,14,Yes,13.73,666.40,4,Yes,0.06,666.40,1
room-64-64-16-random-13.scen,15,Yes,13.71,711.78,4,Yes,0.07,711.78,1
room-64-64-16-random-13.scen,16,Yes,26.68,784.83,6,Yes,0.09,784.83,3
room-64-64-16-random-13.scen,17,Yes,26.60,804.48,6,Yes,0.09,804.48,3
room-64-64-16-random-13.scen,18,No,36.62,0.00,6,Yes,0.12,935.22,4
room-64-64-16-random-13.scen,19,No,0,0,0,Yes,0.13,999.89,4
room-64-64-16-random-13.scen,20,No,0,0,0,Yes,0.15,1103.32,4
room-64-64-16-random-13.scen,21,No,0,0,0,Yes,0.15,1133.46,4
room-64-64-16-random-13.scen,22,No,0,0,0,Yes,0.17,1225.23,4
room-64-64-16-random-13.scen,23,No,0,0,0,Yes,0.60,1366.70,8
room-64-64-16-random-13.scen,24,No,0,0,0,Yes,1.04,1413.15,13
room-64-64-16-random-13.scen,25,No,0,0,0,Yes,1.08,1527.41,13
room-64-64-16-random-13.scen,26,No,0,0,0,Yes,1.09,1577.04,13
room-64-64-16-random-13.scen,27,No,0,0,0,Yes,1.10,1603.52,13
room-64-64-16-random-13.scen,28,No,0,0,0,Yes,1.15,1691.81,14
room-64-64-16-random-13.scen,29,No,0,0,0,Yes,1.18,1735.02,15
room-64-64-16-random-13.scen,30,No,0,0,0,Yes,1.22,1761.68,18
room-64-64-16-random-13.scen,31,No,0,0,0,Yes,2.21,1820.55,30
room-64-64-16-random-13.scen,32,No,0,0,0,Yes,2.22,1864.17,30
room-64-64-16-random-13.scen,33,No,0,0,0,Yes,2.52,2000.81,33
room-64-64-16-random-13.scen,34,No,0,0,0,Yes,4.73,2104.65,59
room-64-64-16-random-13.scen,35,No,0,0,0,Yes,10.70,2138.62,105
room-64-64-16-random-13.scen,36,No,0,0,0,Yes,10.93,2186.98,106
room-64-64-16-random-13.scen,37,No,0,0,0,No,30.06,0.00,217
room-64-64-16-random-14.scen,1,Yes,0.00,32.80,1,Yes,0.00,32.80,1
room-64-64-16-random-14.scen,2,Yes,0.01,77.50,1,Yes,0.00,77.50,1
room-64-64-16-random-14.scen,3,Yes,0.02,205.55,1,Yes,0.01,205.55,1
room-64-64-16-random-14.scen,4,Yes,0.02,256.35,1,Yes,0.01,256.35,1
room-64-64-16-random-14.scen,5,Yes,0.02,290.05,1,Yes,0.01,290.05,1
room-64-64-16-random-14.scen,6,Yes,0.02,293.46,1,Yes,0.01,293.46,1
room-64-64-16-random-14.scen,7,Yes,0.03,345.40,1,Yes,0.02,345.40,1
room-64-64-16-random-14.scen,8,Yes,0.03,410.49,1,Yes,0.02,410.49,2
room-64-64-16-random-14.scen,9,Yes,0.03,414.32,1,Yes,0.02,414.32,2
room-64-64-16-random-14.scen,10,Yes,3.54,470.70,2,Yes,0.02,470.70,2
room-64-64-16-random-14.scen,11,Yes,3.60,514.50,2,Yes,0.03,514.50,2
room-64-64-16-random-14.scen,12,Yes,3.57,562.71,3,Yes,0.03,562.71,3
room-64-64-16-random-14.scen,13,Yes,3.55,589.85,4,Yes,0.03,589.85,3
room-64-64-16-random-14.scen,14,Yes,3.67,603.68,4,Yes,0.03,603.68,3
room-64-64-16-random-14.scen,15,Yes,3.65,652.97,5,Yes,0.04,652.97,3
room-64-64-16-random-14.scen,16,Yes,3.61,708.67,5,Yes,0.04,708.67,4
room-64-64-16-random-14.scen,17,Yes,3.66,718.32,5,Yes,0.05,718.32,4
room-64-64-16-random-14.scen,18,Yes,3.61,766.92,6,Yes,0.06,766.92,5
room-64-64-16-random-14.scen,19,Yes,3.64,845.03,6,Yes,0.07,845.03,5
room-64-64-16-random-14.scen,20,Yes,14.88,930.70,14,Yes,0.13,930.70,10
room-64-64-16-random-14.scen,21,Yes,15.65,976.92,16,Yes,0.15,976.92,12
room-64-64-16-random-14.scen,22,Yes,15.95,1104.14,18,Yes,0.18,1104.14,12
room-64-64-16-random-14.scen,23,Yes,15.88,1124.97,18,Yes,0.19,1124.97,12
room-64-64-16-random-14.scen,24,Yes,15.99,1246.37,19,Yes,0.21,1246.37,12
room-64-64-16-random-14.scen,25,Yes,15.94,1306.14,19,Yes,0.26,1306.14,14
room-64-64-16-random-14.scen,26,Yes,16.09,1330.28,19,Yes,0.26,1330.28,14
room-64-64-16-random-14.scen,27,Yes,16.00,1342.69,19,Yes,0.26,1342.69,14
room-64-64-16-random-14.scen,28,Yes,23.32,1435.36,22,Yes,0.29,1435.36,14
room-64-64-16-random-14.scen,29,No,30.16,0.00,27,Yes,0.57,1528.89,27
room-64-64-16-random-14.scen,30,No,0,0,0,Yes,2.11,1615.83,91
room-64-64-16-random-14.scen,31,No,0,0,0,Yes,2.42,1748.74,91
room-64-64-16-random-14.scen,32,No,0,0,0,Yes,5.19,1861.82,182
room-64-64-16-random-14.scen,33,No,0,0,0,Yes,5.34,1898.21,182
room-64-64-16-random-14.scen,34,No,0,0,0,Yes,5.68,1973.25,182
room-64-64-16-random-14.scen,35,No,0,0,0,Yes,6.08,2024.71,182
room-64-64-16-random-14.scen,36,No,0,0,0,Yes,6.13,2056.33,182
room-64-64-16-random-14.scen,37,No,0,0,0,Yes,6.31,2086.48,184
room-64-64-16-random-14.scen,38,No,0,0,0,Yes,6.91,2207.29,184
room-64-64-16-random-14.scen,39,No,0,0,0,Yes,26.11,2274.99,548
room-64-64-16-random-14.scen,40,No,0,0,0,No,30.04,0.00,595
room-64-64-16-random-15.scen,1,Yes,0.00,14.83,1,Yes,0.00,14.83,1
room-64-64-16-random-15.scen,2,Yes,0.00,56.04,1,Yes,0.00,56.04,1
room-64-64-16-random-15.scen,3,Yes,0.02,150.47,1,Yes,0.01,150.47,1
room-64-64-16-random-15.scen,4,Yes,0.02,171.02,1,Yes,0.02,171.02,1
room-64-64-16-random-15.scen,5,Yes,0.02,231.31,1,Yes,0.02,231.31,1
room-64-64-16-random-15.scen,6,Yes,0.02,234.31,1,Yes,0.02,234.31,1
room-64-64-16-random-15.scen,7,Yes,0.03,271.45,1,Yes,0.02,271.45,1
room-64-64-16-random-15.scen,8,Yes,0.03,345.15,1,Yes,0.02,345.15,1
room-64-64-16-random-15.scen,9,Yes,0.03,384.19,1,Yes,0.02,384.19,1
room-64-64-16-random-15.scen,10,Yes,0.03,409.50,1,Yes,0.03,409.50,1
room-64-64-16-random-15.scen,11,Yes,0.15,454.55,4,Yes,0.05,454.55,3
room-64-64-16-random-15.scen,12,Yes,0.17,530.56,4,Yes,0.05,530.56,3
room-64-64-16-random-15.scen,13,Yes,0.18,604.50,4,Yes,0.06,604.50,3
room-64-64-16-random-15.scen,14,Yes,0.19,653.96,4,Yes,0.06,653.96,3
room-64-64-16-random-15.scen,15,Yes,0.19,673.85,4,Yes,0.06,673.85,3
room-64-64-16-random-15.scen,16,Yes,1.00,703.48,5,Yes,0.06,703.48,3
room-64-64-16-random-15.scen,17,Yes,1.57,758.18,10,Yes,0.09,758.18,6
room-64-64-16-random-15.scen,18,Yes,7.07,871.26,12,Yes,0.10,871.26,6
room-64-64-16-random-15.scen,19,Yes,7.09,962.00,14,Yes,0.12,962.00,7
room-64-64-16-random-15.scen,20,No,31.24,0.00,21,Yes,0.15,1087.06,7
room-64-64-16-random-15.scen,21,No,0,0,0,Yes,0.15,1123.37,7
room-64-64-16-random-15.scen,22,No,0,0,0,Yes,0.21,1261.53,8
room-64-64-16-random-15.scen,23,No,0,0,0,Yes,0.23,1383.30,8
room-64-64-16-random-15.scen,24,No,0,0,0,Yes,0.28,1416.99,11
room-64-64-16-random-15.scen,25,No,0,0,0,Yes,0.81,1540.32,38
room-64-64-16-random-15.scen,26,No,0,0,0,Yes,0.87,1613.68,38
room-64-64-16-random-15.scen,27,No,0,0,0,Yes,0.87,1621.50,38
room-64-64-16-random-15.scen,28,No,0,0,0,Yes,0.96,1733.24,38
room-64-64-16-random-15.scen,29,No,0,0,0,Yes,1.00,1777.39,38
room-64-64-16-random-15.scen,30,No,0,0,0,Yes,1.36,1810.01,37
room-64-64-16-random-15.scen,31,No,0,0,0,Yes,1.58,1895.20,41
room-64-64-16-random-15.scen,32,No,0,0,0,Yes,1.35,1977.80,34
room-64-64-16-random-15.scen,33,No,0,0,0,No,30.08,0.00,482
room-64-64-16-random-16.scen,1,Yes,0.00,46.94,1,Yes,0.00,46.94,1
room-64-64-16-random-16.scen,2,Yes,0.00,69.25,1,Yes,0.00,69.25,1
room-64-64-16-random-16.scen,3,Yes,0.03,172.92,1,Yes,0.02,172.92,1
room-64-64-16-random-16.scen,4,Yes,0.03,180.17,1,Yes,0.02,180.17,1
room-64-64-16-random-16.scen,5,Yes,0.03,213.14,1,Yes,0.02,213.14,1
room-64-64-16-random-16.scen,6,Yes,0.03,233.79,1,Yes,0.02,233.79,1
room-64-64-16-random-16.scen,7,Yes,0.11,276.42,2,Yes,0.02,276.42,2
room-64-64-16-random-16.scen,8,Yes,0.12,346.36,2,Yes,0.03,346.36,2
room-64-64-16-random-16.scen,9,Yes,0.12,368.19,2,Yes,0.03,368.19,2
room-64-64-16-random-16.scen,10,No,0.05,0.00,1,No,0.03,0.00,1
room-64-64-16-random-17.scen,1,Yes,0.00,13.24,1,Yes,0.00,13.24,1
room-64-64-16-random-17.scen,2,Yes,0.00,77.11,1,Yes,0.00,77.11,1
room-64-64-16-random-17.scen,3,Yes,0.02,161.98,1,Yes,0.01,161.98,1
room-64-64-16-random-17.scen,4,Yes,0.02,201.68,1,Yes,0.01,201.68,1
room-64-64-16-random-17.scen,5,Yes,0.19,228.65,2,Yes,0.02,228.65,2
room-64-64-16-random-17.scen,6,Yes,0.19,236.48,2,Yes,0.02,236.48,2
room-64-64-16-random-17.scen,7,Yes,0.21,306.94,2,Yes,0.02,306.94,2
room-64-64-16-random-17.scen,8,Yes,0.22,368.08,2,Yes,0.03,368.08,2
room-64-64-16-random-17.scen,9,Yes,0.22,407.88,2,Yes,0.03,407.88,2
room-64-64-16-random-17.scen,10,Yes,0.23,426.78,2,Yes,0.03,426.78,2
room-64-64-16-random-17.scen,11,Yes,0.23,482.06,2,Yes,0.04,482.06,2
room-64-64-16-random-17.scen,12,Yes,0.24,563.24,2,Yes,0.04,563.24,2
room-64-64-16-random-17.scen,13,Yes,0.25,630.01,2,Yes,0.04,630.01,2
room-64-64-16-random-17.scen,14,Yes,0.39,690.78,3,Yes,0.05,690.78,2
room-64-64-16-random-17.scen,15,Yes,0.39,708.27,3,Yes,0.05,708.27,2
room-64-64-16-random-17.scen,16,Yes,0.39,742.14,3,Yes,0.05,742.14,2
room-64-64-16-random-17.scen,17,Yes,0.40,791.42,3,Yes,0.05,791.42,2
room-64-64-16-random-17.scen,18,Yes,9.14,884.12,9,Yes,0.08,884.12,4
room-64-64-16-random-17.scen,19,Yes,13.15,964.96,12,Yes,0.11,964.96,5
room-64-64-16-random-17.scen,20,No,31.58,0.00,21,Yes,0.13,1093.43,5
room-64-64-16-random-17.scen,21,No,0,0,0,Yes,0.14,1141.23,6
room-64-64-16-random-17.scen,22,No,0,0,0,Yes,0.17,1248.66,6
room-64-64-16-random-17.scen,23,No,0,0,0,Yes,0.28,1356.15,10
room-64-64-16-random-17.scen,24,No,0,0,0,Yes,0.45,1387.78,18
room-64-64-16-random-17.scen,25,No,0,0,0,Yes,0.52,1508.86,18
room-64-64-16-random-17.scen,26,No,0,0,0,Yes,1.03,1588.46,34
room-64-64-16-random-17.scen,27,No,0,0,0,Yes,1.09,1618.02,34
room-64-64-16-random-17.scen,28,No,0,0,0,Yes,1.28,1759.31,38
room-64-64-16-random-17.scen,29,No,0,0,0,No,30.05,0.00,982
room-64-64-16-random-18.scen,1,Yes,0.01,52.53,1,Yes,0.00,52.53,1
room-64-64-16-random-18.scen,2,Yes,0.01,113.23,1,Yes,0.00,113.23,1
room-64-64-16-random-18.scen,3,Yes,0.03,271.25,1,Yes,0.02,271.25,1
room-64-64-16-random-18.scen,4,Yes,0.03,277.08,1,Yes,0.02,277.08,1
room-64-64-16-random-18.scen,5,Yes,0.03,326.43,1,Yes,0.02,326.43,1
room-64-64-16-random-18.scen,6,Yes,0.04,366.79,1,Yes,0.03,366.79,1
room-64-64-16-random-18.scen,7,Yes,0.04,404.93,1,Yes,0.03,404.93,1
room-64-64-16-random-18.scen,8,Yes,0.04,420.00,1,Yes,0.03,420.00,1
room-64-64-16-random-18.scen,9,Yes,0.04,438.07,1,Yes,0.03,438.07,1
room-64-64-16-random-18.scen,10,Yes,9.07,499.80,2,Yes,0.03,499.80,1
room-64-64-16-random-18.scen,11,Yes,9.22,544.26,2,Yes,0.03,544.26,1
room-64-64-16-random-18.scen,12,Yes,9.16,567.81,2,Yes,0.03,567.81,1
room-64-64-16-random-18.scen,13,Yes,9.17,610.96,2,Yes,0.03,610.96,1
room-64-64-16-random-18.scen,14,Yes,9.24,652.93,3,Yes,0.03,652.93,1
room-64-64-16-random-18.scen,15,Yes,9.18,677.72,3,Yes,0.04,677.72,1
room-64-64-16-random-18.scen,16,Yes,9.28,713.45,4,Yes,0.04,713.45,2
room-64-64-16-random-18.scen,17,Yes,9.22,751.84,4,Yes,0.04,751.84,2
room-64-64-16-random-18.scen,18,Yes,9.23,818.75,4,Yes,0.05,818.75,2
room-64-64-16-random-18.scen,19,No,30.18,0.00,19,Yes,19.90,900.35,421
room-64-64-16-random-18.scen,20,No,0,0,0,Yes,20.30,966.36,421
room-64-64-16-random-18.scen,21,No,0,0,0,Yes,20.55,975.60,421
room-64-64-16-random-18.scen,22,No,0,0,0,Yes,21.36,1073.71,422
room-64-64-16-random-18.scen,23,No,0,0,0,Yes,21.50,1101.51,422
room-64-64-16-random-18.scen,24,No,0,0,0,Yes,22.63,1220.01,422
room-64-64-16-random-18.scen,25,No,0,0,0,Yes,22.86,1288.20,422
room-64-64-16-random-18.scen,26,No,0,0,0,Yes,23.51,1335.24,422
room-64-64-16-random-18.scen,27,No,0,0,0,Yes,23.57,1347.65,422
room-64-64-16-random-18.scen,28,No,0,0,0,No,30.01,0.00,495
room-64-64-16-random-19.scen,1,Yes,0.00,9.66,1,Yes,0.00,9.66,1
room-64-64-16-random-19.scen,2,Yes,0.00,38.46,1,Yes,0.00,38.46,1
room-64-64-16-random-19.scen,3,Yes,0.02,143.20,1,Yes,0.02,143.20,1
room-64-64-16-random-19.scen,4,Yes,0.02,148.02,1,Yes,0.02,148.02,1
room-64-64-16-random-19.scen,5,Yes,0.02,169.92,1,Yes,0.02,169.92,1
room-64-64-16-random-19.scen,6,Yes,0.02,176.58,1,Yes,0.02,176.58,1
room-64-64-16-random-19.scen,7,Yes,0.03,233.04,1,Yes,0.02,233.04,1
room-64-64-16-random-19.scen,8,Yes,0.04,306.63,1,Yes,0.03,306.63,1
room-64-64-16-random-19.scen,9,Yes,0.04,350.50,1,Yes,0.03,350.50,1
room-64-64-16-random-19.scen,10,Yes,0.04,370.58,1,Yes,0.03,370.58,1
room-64-64-16-random-19.scen,11,Yes,0.05,427.17,2,Yes,0.04,427.17,1
room-64-64-16-random-19.scen,12,Yes,0.06,503.19,2,Yes,0.04,503.19,1
room-64-64-16-random-19.scen,13,Yes,0.07,573.13,2,Yes,0.05,573.13,1
room-64-64-16-random-19.scen,14,Yes,2.62,635.65,3,Yes,0.05,635.65,1
room-64-64-16-random-19.scen,15,Yes,2.65,681.11,3,Yes,0.06,681.11,2
room-64-64-16-random-19.scen,16,Yes,7.00,735.22,10,Yes,0.08,735.22,6
room-64-64-16-random-19.scen,17,Yes,7.05,774.19,10,Yes,0.09,774.19,6
room-64-64-16-random-19.scen,18,No,30.73,0.00,11,Yes,0.14,884.10,10
room-64-64-16-random-19.scen,19,No,0,0,0,Yes,0.35,941.80,18
room-64-64-16-random-19.scen,20,No,0,0,0,Yes,0.40,1064.20,18
room-64-64-16-random-19.scen,21,No,0,0,0,Yes,0.43,1121.24,20
room-64-64-16-random-19.scen,22,No,0,0,0,Yes,0.92,1242.08,36
room-64-64-16-random-19.scen,23,No,0,0,0,Yes,1.00,1349.20,36
room-64-64-16-random-19.scen,24,No,0,0,0,No,30.09,0.00,393
room-64-64-16-random-20.scen,1,Yes,0.00,3.00,1,Yes,0.00,3.00,1
room-64-64-16-random-20.scen,2,Yes,0.01,51.21,1,Yes,0.00,51.21,1
room-64-64-16-random-20.scen,3,Yes,0.01,112.47,1,Yes,0.01,112.47,1
room-64-64-16-random-20.scen,4,Yes,0.01,144.27,1,Yes,0.01,144.27,1
room-64-64-16-random-20.scen,5,Yes,0.01,175.75,1,Yes,0.01,175.75,1
room-64-64-16-random-20.scen,6,Yes,0.01,179.17,1,Yes,0.01,179.17,1
room-64-64-16-random-20.scen,7,Yes,0.02,245.35,1,Yes,0.01,245.35,1
room-64-64-16-random-20.scen,8,Yes,0.02,290.91,1,Yes,0.01,290.91,1
room-64-64-16-random-20.scen,9,Yes,0.02,295.74,1,Yes,0.01,295.74,1
room-64-64-16-random-20.scen,10,Yes,0.03,326.46,1,Yes,0.01,326.46,1
room-64-64-16-random-20.scen,11,Yes,0.03,336.53,1,Yes,0.01,336.53,1
room-64-64-16-random-20.scen,12,Yes,0.03,397.33,1,Yes,0.03,398.16,4
room-64-64-16-random-20.scen,13,Yes,0.04,463.79,1,Yes,0.03,464.62,4
room-64-64-16-random-20.scen,14,Yes,0.04,486.27,1,Yes,0.03,487.10,4
room-64-64-16-random-20.scen,15,Yes,0.04,533.83,1,Yes,0.04,534.66,4
room-64-64-16-random-20.scen,16,Yes,0.05,607.77,1,Yes,0.15,609.43,16
room-64-64-16-random-20.scen,17,Yes,0.90,718.41,3,Yes,0.17,720.07,16
room-64-64-16-random-20.scen,18,Yes,0.90,818.94,3,Yes,0.19,820.60,16
room-64-64-16-random-20.scen,19,Yes,7.10,896.64,7,Yes,1.12,898.29,33
room-64-64-16-random-20.scen,20,Yes,7.10,976.58,7,Yes,1.16,978.23,33
room-64-64-16-random-20.scen,21,Yes,7.06,1027.13,7,Yes,1.17,1028.79,33
room-64-64-16-random-20.scen,22,Yes,13.26,1138.05,10,Yes,1.27,1139.70,36
room-64-64-16-random-20.scen,23,Yes,15.25,1189.43,11,Yes,1.31,1191.09,36
room-64-64-16-random-20.scen,24,Yes,18.09,1238.30,11,Yes,1.31,1239.96,36
room-64-64-16-random-20.scen,25,No,36.47,0.00,13,Yes,1.39,1355.04,36
room-64-64-16-random-20.scen,26,No,0,0,0,Yes,1.42,1411.67,36
room-64-64-16-random-20.scen,27,No,0,0,0,Yes,1.49,1460.71,36
room-64-64-16-random-20.scen,28,No,0,0,0,Yes,2.95,1553.51,77
room-64-64-16-random-20.scen,29,No,0,0,0,Yes,5.83,1601.45,148
room-64-64-16-random-20.scen,30,No,0,0,0,Yes,6.07,1637.66,148
room-64-64-16-random-20.scen,31,No,0,0,0,No,30.05,0.00,892
room-64-64-16-random-21.scen,1,Yes,0.01,55.01,1,Yes,0.00,55.01,1
room-64-64-16-random-21.scen,2,Yes,0.01,93.64,1,Yes,0.01,93.64,1
room-64-64-16-random-21.scen,3,Yes,0.02,213.55,1,Yes,0.01,213.55,1
room-64-64-16-random-21.scen,4,Yes,0.02,260.01,1,Yes,0.01,260.01,1
room-64-64-16-random-21.scen,5,Yes,0.02,302.78,1,Yes,0.01,302.78,1
room-64-64-16-random-21.scen,6,Yes,0.02,326.75,1,Yes,0.01,326.75,1
room-64-64-16-random-21.scen,7,Yes,0.03,387.86,1,Yes,0.02,387.86,1
room-64-64-16-random-21.scen,8,Yes,0.03,441.56,1,Yes,0.02,441.56,1
room-64-64-16-random-21.scen,9,Yes,0.03,461.29,1,Yes,0.02,461.29,1
room-64-64-16-random-21.scen,10,Yes,2.74,550.96,2,Yes,0.04,550.96,1
room-64-64-16-random-21.scen,11,Yes,2.83,583.17,2,Yes,0.04,583.17,1
room-64-64-16-random-21.scen,12,Yes,2.78,633.80,2,Yes,0.04,633.80,1
room-64-64-16-random-21.scen,13,Yes,2.77,687.64,2,Yes,0.05,687.64,1
room-64-64-16-random-21.scen,14,Yes,2.75,713.19,2,Yes,0.05,713.19,1
room-64-64-16-random-21.scen,15,Yes,2.75,761.89,2,Yes,0.05,761.89,1
room-64-64-16-random-21.scen,16,Yes,3.11,810.25,3,Yes,0.05,810.25,1
room-64-64-16-random-21.scen,17,Yes,3.07,846.56,3,Yes,0.05,846.56,1
room-64-64-16-random-21.scen,18,Yes,3.08,898.33,3,Yes,0.06,898.33,1
room-64-64-16-random-21.scen,19,Yes,12.79,959.03,4,Yes,0.06,959.03,1
room-64-64-16-random-21.scen,20,Yes,15.30,1035.21,7,Yes,0.06,1035.21,1
room-64-64-16-random-21.scen,21,Yes,15.37,1087.91,7,Yes,0.07,1087.91,1
room-64-64-16-random-21.scen,22,Yes,15.46,1222.55,7,Yes,0.08,1222.55,1
room-64-64-16-random-21.scen,23,Yes,17.69,1272.01,9,Yes,0.08,1272.01,1
room-64-64-16-random-21.scen,24,Yes,17.52,1386.99,9,Yes,0.09,1386.99,1
room-64-64-16-random-21.scen,25,Yes,17.57,1445.86,9,Yes,0.09,1445.86,1
room-64-64-16-random-21.scen,26,Yes,17.97,1487.49,11,Yes,0.16,1487.49,4
room-64-64-16-random-21.scen,27,Yes,17.92,1499.90,11,Yes,0.16,1499.90,4
room-64-64-16-random-21.scen,28,No,31.01,0.00,15,Yes,0.18,1585.50,4
room-64-64-16-random-21.scen,29,No,0,0,0,Yes,0.36,1685.78,13
room-64-64-16-random-21.scen,30,No,0,0,0,No,30.06,0.00,1217
room-64-64-16-random-22.scen,1,Yes,0.00,7.07,1,Yes,0.00,7.07,1
room-64-64-16-random-22.scen,2,Yes,0.00,19.73,1,Yes,0.00,19.73,1
room-64-64-16-random-22.scen,3,Yes,0.02,105.18,1,Yes,0.01,105.18,1
room-64-64-16-random-22.scen,4,Yes,0.02,113.25,1,Yes,0.01,113.25,1
room-64-64-16-random-22.scen,5,Yes,0.03,173.10,1,Yes,0.01,173.10,1
room-64-64-16-random-22.scen,6,Yes,0.03,180.10,1,Yes,0.01,180.10,1
room-64-64-16-random-22.scen,7,Yes,0.05,267.94,1,Yes,0.03,267.94,2
room-64-64-16-random-22.scen,8,Yes,0.05,297.74,1,Yes,0.03,297.74,2
room-64-64-16-random-22.scen,9,Yes,0.05,313.63,1,Yes,0.03,313.63,2
room-64-64-16-random-22.scen,10,Yes,0.05,338.19,1,Yes,0.03,338.19,2
room-64-64-16-random-22.scen,11,Yes,0.05,390.13,1,Yes,0.03,390.13,2
room-64-64-16-random-22.scen,12,Yes,0.05,424.52,1,Yes,0.04,424.52,2
room-64-64-16-random-22.scen,13,Yes,0.06,486.56,1,Yes,0.04,486.56,2
room-64-64-16-random-22.scen,14,Yes,0.06,530.87,1,Yes,0.04,530.87,2
room-64-64-16-random-22.scen,15,Yes,0.06,549.01,1,Yes,0.04,549.01,2
room-64-64-16-random-22.scen,16,Yes,11.46,597.98,4,Yes,0.16,597.98,3
room-64-64-16-random-22.scen,17,Yes,16.04,715.38,5,Yes,0.18,715.38,3
room-64-64-16-random-22.scen,18,Yes,21.60,841.61,7,Yes,0.19,841.61,3
room-64-64-16-random-22.scen,19,Yes,21.46,908.03,7,Yes,0.20,908.03,3
room-64-64-16-random-22.scen,20,No,31.97,0.00,9,Yes,0.25,997.97,5
room-64-64-16-random-22.scen,21,No,0,0,0,Yes,0.37,1062.89,7
room-64-64-16-random-22.scen,22,No,0,0,0,Yes,0.89,1161.58,23
room-64-64-16-random-22.scen,23,No,0,0,0,Yes,0.99,1317.20,22
room-64-64-16-random-22.scen,24,No,0,0,0,Yes,1.01,1358.72,22
room-64-64-16-random-22.scen,25,No,0,0,0,Yes,1.05,1448.66,22
room-64-64-16-random-22.scen,26,No,0,0,0,Yes,1.12,1594.06,22
room-64-64-16-random-22.scen,27,No,0,0,0,Yes,1.12,1603.30,22
room-64-64-16-random-22.scen,28,No,0,0,0,Yes,1.72,1698.76,29
room-64-64-16-random-22.scen,29,No,0,0,0,Yes,1.42,1744.46,25
room-64-64-16-random-22.scen,30,No,0,0,0,Yes,4.39,1771.70,76
room-64-64-16-random-22.scen,31,No,0,0,0,Yes,11.87,1834.06,226
room-64-64-16-random-22.scen,32,No,0,0,0,No,30.04,0.00,574
room-64-64-16-random-23.scen,1,Yes,0.00,2.83,1,Yes,0.00,2.83,1
room-64-64-16-random-23.scen,2,Yes,0.00,20.97,1,Yes,0.00,20.97,1
room-64-64-16-random-23.scen,3,Yes,0.01,104.50,1,Yes,0.01,104.50,1
room-64-64-16-random-23.scen,4,Yes,0.01,115.98,1,Yes,0.01,115.98,1
room-64-64-16-random-23.scen,5,Yes,0.01,150.54,1,Yes,0.01,150.54,1
room-64-64-16-random-23.scen,6,Yes,0.01,158.20,1,Yes,0.01,158.20,1
room-64-64-16-random-23.scen,7,Yes,0.01,185.92,1,Yes,0.01,185.92,1
room-64-64-16-random-23.scen,8,Yes,0.01,207.24,1,Yes,0.01,207.24,1
room-64-64-16-random-23.scen,9,Yes,0.65,297.32,2,Yes,0.02,297.32,1
room-64-64-16-random-23.scen,10,Yes,5.30,345.71,2,Yes,0.02,345.71,1
room-64-64-16-random-23.scen,11,Yes,5.36,369.09,2,Yes,0.02,369.09,1
room-64-64-16-random-23.scen,12,Yes,12.88,484.59,3,Yes,0.03,484.59,1
room-64-64-16-random-23.scen,13,Yes,12.93,553.01,3,Yes,0.04,553.01,1
room-64-64-16-random-23.scen,14,Yes,12.90,572.43,3,Yes,0.04,572.43,1
room-64-64-16-random-23.scen,15,Yes,21.74,695.34,4,Yes,0.05,695.34,2
room-64-64-16-random-23.scen,16,No,31.58,0.00,8,Yes,0.11,839.98,3
room-64-64-16-random-23.scen,17,No,0,0,0,Yes,0.11,866.78,3
room-64-64-16-random-23.scen,18,No,0,0,0,Yes,0.11,898.48,3
room-64-64-16-random-23.scen,19,No,0,0,0,Yes,0.11,938.52,4
room-64-64-16-random-23.scen,20,No,0,0,0,Yes,0.15,987.05,9
room-64-64-16-random-23.scen,21,No,0,0,0,Yes,0.21,1026.77,16
room-64-64-16-random-23.scen,22,No,0,0,0,Yes,0.54,1115.13,33
room-64-64-16-random-23.scen,23,No,0,0,0,Yes,0.56,1169.66,33
room-64-64-16-random-23.scen,24,No,0,0,0,Yes,0.60,1247.18,33
room-64-64-16-random-23.scen,25,No,0,0,0,Yes,0.76,1402.62,35
room-64-64-16-random-23.scen,26,No,0,0,0,Yes,0.86,1445.42,39
room-64-64-16-random-23.scen,27,No,0,0,0,Yes,0.87,1508.12,39
room-64-64-16-random-23.scen,28,No,0,0,0,No,30.05,0.00,639
room-64-64-16-random-24.scen,1,Yes,0.00,12.07,1,Yes,0.00,12.07,1
room-64-64-16-random-24.scen,2,Yes,0.02,79.43,1,Yes,0.01,79.43,1
room-64-64-16-random-24.scen,3,Yes,0.03,148.58,1,Yes,0.01,148.58,1
room-64-64-16-random-24.scen,4,Yes,0.03,154.58,1,Yes,0.01,154.58,1
room-64-64-16-random-24.scen,5,Yes,0.03,178.65,1,Yes,0.01,178.65,1
room-64-64-16-random-24.scen,6,Yes,0.03,185.31,1,Yes,0.01,185.31,1
room-64-64-16-random-24.scen,7,Yes,2.88,284.88,2,Yes,0.02,284.88,1
room-64-64-16-random-24.scen,8,Yes,2.85,360.55,2,Yes,0.02,360.55,1
room-64-64-16-random-24.scen,9,Yes,2.82,366.96,2,Yes,0.03,366.96,1
room-64-64-16-random-24.scen,10,Yes,2.83,379.69,2,Yes,0.03,379.69,1
room-64-64-16-random-24.scen,11,Yes,2.85,399.17,2,Yes,0.03,399.17,1
room-64-64-16-random-24.scen,12,Yes,2.83,438.80,2,Yes,0.03,438.80,1
room-64-64-16-random-24.scen,13,Yes,21.33,568.03,3,Yes,0.05,568.03,2
room-64-64-16-random-24.scen,14,No,37.11,0.00,4,Yes,0.08,687.42,3
room-64-64-16-random-24.scen,15,No,0,0,0,Yes,0.19,760.78,4
room-64-64-16-random-24.scen,16,No,0,0,0,Yes,0.19,801.89,4
room-64-64-16-random-24.scen,17,No,0,0,0,Yes,0.19,823.13,4
room-64-64-16-random-24.scen,18,No,0,0,0,Yes,0.19,876.59,4
room-64-64-16-random-24.scen,19,No,0,0,0,Yes,0.19,895.66,4
room-64-64-16-random-24.scen,20,No,0,0,0,Yes,0.20,968.40,4
room-64-64-16-random-24.scen,21,No,0,0,0,Yes,0.22,1029.13,6
room-64-64-16-random-24.scen,22,No,0,0,0,Yes,0.68,1136.48,17
room-64-64-16-random-24.scen,23,No,0,0,0,Yes,0.72,1272.54,17
room-64-64-16-random-24.scen,24,No,0,0,0,Yes,1.28,1310.34,36
room-64-64-16-random-24.scen,25,No,0,0,0,Yes,4.69,1441.08,101
room-64-64-16-random-24.scen,26,No,0,0,0,Yes,4.87,1556.26,102
room-64-64-16-random-24.scen,27,No,0,0,0,Yes,5.01,1573.50,102
room-64-64-16-random-24.scen,28,No,0,0,0,Yes,7.64,1644.13,175
room-64-64-16-random-24.scen,29,No,0,0,0,Yes,9.65,1681.03,239
room-64-64-16-random-24.scen,30,No,0,0,0,Yes,10.13,1712.10,241
room-64-64-16-random-24.scen,31,No,0,0,0,Yes,10.54,1786.21,245
room-64-64-16-random-24.scen,32,No,0,0,0,Yes,10.98,1854.06,245
room-64-64-16-random-24.scen,33,No,0,0,0,No,30.10,0.00,277
room-64-64-16-random-25.scen,1,Yes,0.00,3.83,1,Yes,0.00,3.83,1
room-64-64-16-random-25.scen,2,Yes,0.00,46.31,1,Yes,0.00,46.31,1
room-64-64-16-random-25.scen,3,Yes,0.02,117.60,1,Yes,0.01,117.60,1
room-64-64-16-random-25.scen,4,Yes,0.02,122.60,1,Yes,0.01,122.60,1
room-64-64-16-random-25.scen,5,Yes,0.02,189.20,1,Yes,0.01,189.20,2
room-64-64-16-random-25.scen,6,Yes,0.02,195.20,1,Yes,0.01,195.20,2
room-64-64-16-random-25.scen,7,Yes,0.03,227.07,1,Yes,0.01,227.07,2
room-64-64-16-random-25.scen,8,Yes,0.03,252.14,1,Yes,0.01,252.14,2
room-64-64-16-random-25.scen,9,Yes,0.03,275.94,1,Yes,0.01,275.94,2
room-64-64-16-random-25.scen,10,Yes,0.03,315.05,1,Yes,0.02,315.05,2
room-64-64-16-random-25.scen,11,Yes,0.03,358.61,1,Yes,0.02,358.61,2
room-64-64-16-random-25.scen,12,Yes,0.04,426.55,1,Yes,0.02,426.55,2
room-64-64-16-random-25.scen,13,Yes,0.07,576.67,2,Yes,0.05,576.67,2
room-64-64-16-random-25.scen,14,Yes,0.08,626.47,2,Yes,0.06,626.47,2
room-64-64-16-random-25.scen,15,Yes,0.66,683.83,3,Yes,0.06,683.83,3
room-64-64-16-random-25.scen,16,Yes,0.82,735.97,7,Yes,0.12,735.97,9
room-64-64-16-random-25.scen,17,Yes,0.83,773.01,7,Yes,0.12,773.01,9
room-64-64-16-random-25.scen,18,Yes,0.85,846.54,7,Yes,0.13,846.54,9
room-64-64-16-random-25.scen,19,Yes,1.09,901.26,8,Yes,0.16,901.26,10
room-64-64-16-random-25.scen,20,Yes,1.08,970.38,8,Yes,0.18,970.38,11
room-64-64-16-random-25.scen,21,Yes,1.09,1037.73,8,Yes,0.19,1037.73,11
room-64-64-16-random-25.scen,22,Yes,1.42,1163.47,9,Yes,0.23,1163.47,11
room-64-64-16-random-25.scen,23,Yes,1.41,1305.77,9,Yes,0.29,1305.77,11
room-64-64-16-random-25.scen,24,Yes,1.40,1329.33,9,Yes,0.30,1329.33,11
room-64-64-16-random-25.scen,25,Yes,20.08,1424.85,17,Yes,0.53,1424.85,20
room-64-64-16-random-25.scen,26,Yes,15.20,1488.79,16,Yes,0.56,1488.79,20
room-64-64-16-random-25.scen,27,Yes,26.93,1520.18,29,Yes,0.96,1520.18,34
room-64-64-16-random-25.scen,28,No,32.97,0.00,24,Yes,1.11,1635.50,35
room-64-64-16-random-25.scen,29,No,0,0,0,Yes,2.29,1664.06,66
room-64-64-16-random-25.scen,30,No,0,0,0,Yes,2.24,1706.86,62
room-64-64-16-random-25.scen,31,No,0,0,0,Yes,2.30,1753.73,62
room-64-64-16-random-25.scen,32,No,0,0,0,Yes,2.39,1813.11,62
room-64-64-16-random-25.scen,33,No,0,0,0,No,30.05,0.00,582
